id_issue	id_volume	title	date	pages	words
5abfd8d0-b9f1-11e9-8fdf-005056827e52	768b1570-c4d7-11e9-b223-005056827e52	Národní nowiny	1848Q2	256	501185
5abfd8d0-b9f1-11e9-8fdf-005056827e52	768b1570-c4d7-11e9-b223-005056827e52	Národní nowiny	1848Q3	342	665188
5abfd8d0-b9f1-11e9-8fdf-005056827e52	768b1570-c4d7-11e9-b223-005056827e52	Národní nowiny	1848Q4	344	686446
5abfd8d0-b9f1-11e9-8fdf-005056827e52	1fe58c40-d3a6-11e9-9b82-005056827e52	Národní nowiny	1849Q1	308	859198
5abfd8d0-b9f1-11e9-8fdf-005056827e52	1fe58c40-d3a6-11e9-9b82-005056827e52	Národní nowiny	1849Q2	338	755073
5abfd8d0-b9f1-11e9-8fdf-005056827e52	1fe58c40-d3a6-11e9-9b82-005056827e52	Národní nowiny	1849Q3	458	1004487
5abfd8d0-b9f1-11e9-8fdf-005056827e52	1fe58c40-d3a6-11e9-9b82-005056827e52	Národní nowiny	1849Q4	332	928182
5abfd8d0-b9f1-11e9-8fdf-005056827e52	1fe58c40-d3a6-11e9-9b82-005056827e52	Národní nowiny	1850Q1	4	5071
5abfd8d0-b9f1-11e9-8fdf-005056827e52	652a7910-b9f1-11e9-b44e-5ef3fc9bb22f	Národní nowiny	1850Q1	64	175515
02203ad6-32f0-11de-992b-00145e5790ea	02259214-32f0-11de-992b-00145e5790ea	Moravská orlice	1869Q1	290	740250
02203ad6-32f0-11de-992b-00145e5790ea	02259214-32f0-11de-992b-00145e5790ea	Moravská orlice	1869Q2	298	718020
02203ad6-32f0-11de-992b-00145e5790ea	02259214-32f0-11de-992b-00145e5790ea	Moravská orlice	1869Q3	324	899824
02203ad6-32f0-11de-992b-00145e5790ea	02259214-32f0-11de-992b-00145e5790ea	Moravská orlice	1869Q4	334	844648
02203ad6-32f0-11de-992b-00145e5790ea	0225b929-32f0-11de-992b-00145e5790ea	Moravská orlice	1875Q1	300	814891
02203ad6-32f0-11de-992b-00145e5790ea	0225b929-32f0-11de-992b-00145e5790ea	Moravská orlice	1875Q2	312	892823
02203ad6-32f0-11de-992b-00145e5790ea	0225b929-32f0-11de-992b-00145e5790ea	Moravská orlice	1875Q3	328	930485
02203ad6-32f0-11de-992b-00145e5790ea	0225b929-32f0-11de-992b-00145e5790ea	Moravská orlice	1875Q4	330	929580
02203ad6-32f0-11de-992b-00145e5790ea	c0791ed0-b730-11de-bade-000d606f5dc6	Moravská orlice	1908Q1	463	1236932
02203ad6-32f0-11de-992b-00145e5790ea	c0791ed0-b730-11de-bade-000d606f5dc6	Moravská orlice	1908Q2	460	1162436
02203ad6-32f0-11de-992b-00145e5790ea	c0791ed0-b730-11de-bade-000d606f5dc6	Moravská orlice	1908Q3	458	1184348
02203ad6-32f0-11de-992b-00145e5790ea	c0791ed0-b730-11de-bade-000d606f5dc6	Moravská orlice	1908Q4	474	1191051
02203ad6-32f0-11de-992b-00145e5790ea	0225e03c-32f0-11de-992b-00145e5790ea	Moravská orlice	1878Q1	320	756303
02203ad6-32f0-11de-992b-00145e5790ea	0225e03c-32f0-11de-992b-00145e5790ea	Moravská orlice	1878Q2	314	738801
02203ad6-32f0-11de-992b-00145e5790ea	0225e03c-32f0-11de-992b-00145e5790ea	Moravská orlice	1878Q3	334	788709
02203ad6-32f0-11de-992b-00145e5790ea	0225e03c-32f0-11de-992b-00145e5790ea	Moravská orlice	1878Q4	336	793453
02203ad6-32f0-11de-992b-00145e5790ea	0225b92b-32f0-11de-992b-00145e5790ea	Moravská orlice	1877Q1	318	781592
02203ad6-32f0-11de-992b-00145e5790ea	0225b92b-32f0-11de-992b-00145e5790ea	Moravská orlice	1877Q2	328	783525
02203ad6-32f0-11de-992b-00145e5790ea	0225b92b-32f0-11de-992b-00145e5790ea	Moravská orlice	1877Q3	318	782255
02203ad6-32f0-11de-992b-00145e5790ea	0225b92b-32f0-11de-992b-00145e5790ea	Moravská orlice	1877Q4	300	733062
02203ad6-32f0-11de-992b-00145e5790ea	826697b0-b728-11de-b564-000d606f5dc6	Moravská orlice	1907Q1	510	1388688
02203ad6-32f0-11de-992b-00145e5790ea	826697b0-b728-11de-b564-000d606f5dc6	Moravská orlice	1907Q2	504	1315224
02203ad6-32f0-11de-992b-00145e5790ea	826697b0-b728-11de-b564-000d606f5dc6	Moravská orlice	1907Q3	474	1281114
02203ad6-32f0-11de-992b-00145e5790ea	826697b0-b728-11de-b564-000d606f5dc6	Moravská orlice	1907Q4	522	1378157
02203ad6-32f0-11de-992b-00145e5790ea	f30edb50-05b9-11df-8f87-000d606f5dc6	Moravská orlice	1904Q1	476	1263496
02203ad6-32f0-11de-992b-00145e5790ea	f30edb50-05b9-11df-8f87-000d606f5dc6	Moravská orlice	1904Q2	492	1233430
02203ad6-32f0-11de-992b-00145e5790ea	f30edb50-05b9-11df-8f87-000d606f5dc6	Moravská orlice	1904Q3	490	1229762
02203ad6-32f0-11de-992b-00145e5790ea	f30edb50-05b9-11df-8f87-000d606f5dc6	Moravská orlice	1904Q4	544	1318781
02203ad6-32f0-11de-992b-00145e5790ea	279ea050-0766-11df-9170-000d606f5dc6	Moravská orlice	1906Q1	504	1316686
02203ad6-32f0-11de-992b-00145e5790ea	279ea050-0766-11df-9170-000d606f5dc6	Moravská orlice	1906Q2	522	1350538
02203ad6-32f0-11de-992b-00145e5790ea	279ea050-0766-11df-9170-000d606f5dc6	Moravská orlice	1906Q3	530	1431906
02203ad6-32f0-11de-992b-00145e5790ea	279ea050-0766-11df-9170-000d606f5dc6	Moravská orlice	1906Q4	532	1448672
02203ad6-32f0-11de-992b-00145e5790ea	0225b92a-32f0-11de-992b-00145e5790ea	Moravská orlice	1876Q1	338	760848
02203ad6-32f0-11de-992b-00145e5790ea	0225b92a-32f0-11de-992b-00145e5790ea	Moravská orlice	1876Q2	352	813023
02203ad6-32f0-11de-992b-00145e5790ea	0225b92a-32f0-11de-992b-00145e5790ea	Moravská orlice	1876Q3	324	763373
02203ad6-32f0-11de-992b-00145e5790ea	0225b92a-32f0-11de-992b-00145e5790ea	Moravská orlice	1876Q4	332	806835
02203ad6-32f0-11de-992b-00145e5790ea	02260755-32f0-11de-992b-00145e5790ea	Moravská orlice	1887Q1	338	911006
02203ad6-32f0-11de-992b-00145e5790ea	02260755-32f0-11de-992b-00145e5790ea	Moravská orlice	1887Q2	346	914826
02203ad6-32f0-11de-992b-00145e5790ea	02260755-32f0-11de-992b-00145e5790ea	Moravská orlice	1887Q3	294	778579
02203ad6-32f0-11de-992b-00145e5790ea	02260755-32f0-11de-992b-00145e5790ea	Moravská orlice	1887Q4	356	922843
02203ad6-32f0-11de-992b-00145e5790ea	02262e68-32f0-11de-992b-00145e5790ea	Moravská orlice	1890Q1	496	890703
02203ad6-32f0-11de-992b-00145e5790ea	02262e68-32f0-11de-992b-00145e5790ea	Moravská orlice	1890Q2	550	1013188
02203ad6-32f0-11de-992b-00145e5790ea	02262e68-32f0-11de-992b-00145e5790ea	Moravská orlice	1890Q3	532	975279
02203ad6-32f0-11de-992b-00145e5790ea	02262e68-32f0-11de-992b-00145e5790ea	Moravská orlice	1890Q4	610	1077027
02203ad6-32f0-11de-992b-00145e5790ea	0bc23eb0-b8be-11de-83d1-000d606f5dc6	Moravská orlice	1914Q1	304	632207
02203ad6-32f0-11de-992b-00145e5790ea	0bc23eb0-b8be-11de-83d1-000d606f5dc6	Moravská orlice	1914Q2	516	1169968
02203ad6-32f0-11de-992b-00145e5790ea	0bc23eb0-b8be-11de-83d1-000d606f5dc6	Moravská orlice	1914Q3	395	845323
02203ad6-32f0-11de-992b-00145e5790ea	0bc23eb0-b8be-11de-83d1-000d606f5dc6	Moravská orlice	1914Q4	336	668785
02203ad6-32f0-11de-992b-00145e5790ea	02265581-32f0-11de-992b-00145e5790ea	Moravská orlice	1899Q1	384	967810
02203ad6-32f0-11de-992b-00145e5790ea	02265581-32f0-11de-992b-00145e5790ea	Moravská orlice	1899Q2	425	1072431
02203ad6-32f0-11de-992b-00145e5790ea	02265581-32f0-11de-992b-00145e5790ea	Moravská orlice	1899Q3	392	1027240
02203ad6-32f0-11de-992b-00145e5790ea	02265581-32f0-11de-992b-00145e5790ea	Moravská orlice	1899Q4	430	1077036
02203ad6-32f0-11de-992b-00145e5790ea	02259215-32f0-11de-992b-00145e5790ea	Moravská orlice	1870Q1	322	829771
02203ad6-32f0-11de-992b-00145e5790ea	02259215-32f0-11de-992b-00145e5790ea	Moravská orlice	1870Q2	324	846859
02203ad6-32f0-11de-992b-00145e5790ea	02259215-32f0-11de-992b-00145e5790ea	Moravská orlice	1870Q3	326	922285
02203ad6-32f0-11de-992b-00145e5790ea	02259215-32f0-11de-992b-00145e5790ea	Moravská orlice	1870Q4	314	788880
02203ad6-32f0-11de-992b-00145e5790ea	02267c93-32f0-11de-992b-00145e5790ea	Moravská orlice	1901Q1	448	1171304
02203ad6-32f0-11de-992b-00145e5790ea	02267c93-32f0-11de-992b-00145e5790ea	Moravská orlice	1901Q2	454	1141069
02203ad6-32f0-11de-992b-00145e5790ea	02267c93-32f0-11de-992b-00145e5790ea	Moravská orlice	1901Q3	464	1140847
02203ad6-32f0-11de-992b-00145e5790ea	02267c93-32f0-11de-992b-00145e5790ea	Moravská orlice	1901Q4	488	1065158
02203ad6-32f0-11de-992b-00145e5790ea	0225e03e-32f0-11de-992b-00145e5790ea	Moravská orlice	1880Q1	362	833214
02203ad6-32f0-11de-992b-00145e5790ea	0225e03e-32f0-11de-992b-00145e5790ea	Moravská orlice	1880Q2	390	875584
02203ad6-32f0-11de-992b-00145e5790ea	0225e03e-32f0-11de-992b-00145e5790ea	Moravská orlice	1880Q3	340	787092
02203ad6-32f0-11de-992b-00145e5790ea	0225e03e-32f0-11de-992b-00145e5790ea	Moravská orlice	1880Q4	358	825200
02203ad6-32f0-11de-992b-00145e5790ea	02260757-32f0-11de-992b-00145e5790ea	Moravská orlice	1889Q1	554	905961
02203ad6-32f0-11de-992b-00145e5790ea	02260757-32f0-11de-992b-00145e5790ea	Moravská orlice	1889Q2	570	932482
02203ad6-32f0-11de-992b-00145e5790ea	02260757-32f0-11de-992b-00145e5790ea	Moravská orlice	1889Q3	544	938316
02203ad6-32f0-11de-992b-00145e5790ea	02260757-32f0-11de-992b-00145e5790ea	Moravská orlice	1889Q4	602	1020156
02203ad6-32f0-11de-992b-00145e5790ea	02260756-32f0-11de-992b-00145e5790ea	Moravská orlice	1888Q1	350	922892
02203ad6-32f0-11de-992b-00145e5790ea	02260756-32f0-11de-992b-00145e5790ea	Moravská orlice	1888Q2	340	889739
02203ad6-32f0-11de-992b-00145e5790ea	02260756-32f0-11de-992b-00145e5790ea	Moravská orlice	1888Q3	356	940071
02203ad6-32f0-11de-992b-00145e5790ea	02260756-32f0-11de-992b-00145e5790ea	Moravská orlice	1888Q4	350	907130
02203ad6-32f0-11de-992b-00145e5790ea	0226557e-32f0-11de-992b-00145e5790ea	Moravská orlice	1896Q1	402	1124536
02203ad6-32f0-11de-992b-00145e5790ea	0226557e-32f0-11de-992b-00145e5790ea	Moravská orlice	1896Q2	388	1040352
02203ad6-32f0-11de-992b-00145e5790ea	0226557e-32f0-11de-992b-00145e5790ea	Moravská orlice	1896Q3	386	1013990
02203ad6-32f0-11de-992b-00145e5790ea	0226557e-32f0-11de-992b-00145e5790ea	Moravská orlice	1896Q4	394	1025060
02203ad6-32f0-11de-992b-00145e5790ea	90797ab0-04e0-11df-b129-000d606f5dc6	Moravská orlice	1903Q1	534	1420656
02203ad6-32f0-11de-992b-00145e5790ea	90797ab0-04e0-11df-b129-000d606f5dc6	Moravská orlice	1903Q2	524	1333892
02203ad6-32f0-11de-992b-00145e5790ea	90797ab0-04e0-11df-b129-000d606f5dc6	Moravská orlice	1903Q3	486	1316425
02203ad6-32f0-11de-992b-00145e5790ea	90797ab0-04e0-11df-b129-000d606f5dc6	Moravská orlice	1903Q4	534	1383203
02203ad6-32f0-11de-992b-00145e5790ea	76c9b590-b7c3-11de-acaa-000d606f5dc6	Moravská orlice	1910Q1	600	1337592
02203ad6-32f0-11de-992b-00145e5790ea	76c9b590-b7c3-11de-acaa-000d606f5dc6	Moravská orlice	1910Q2	622	1324412
02203ad6-32f0-11de-992b-00145e5790ea	76c9b590-b7c3-11de-acaa-000d606f5dc6	Moravská orlice	1910Q3	600	1279573
02203ad6-32f0-11de-992b-00145e5790ea	76c9b590-b7c3-11de-acaa-000d606f5dc6	Moravská orlice	1910Q4	656	1381960
02203ad6-32f0-11de-992b-00145e5790ea	0225e03f-32f0-11de-992b-00145e5790ea	Moravská orlice	1881Q1	348	820248
02203ad6-32f0-11de-992b-00145e5790ea	0225e03f-32f0-11de-992b-00145e5790ea	Moravská orlice	1881Q2	354	823205
02203ad6-32f0-11de-992b-00145e5790ea	0225e03f-32f0-11de-992b-00145e5790ea	Moravská orlice	1881Q3	348	811849
02203ad6-32f0-11de-992b-00145e5790ea	0225e03f-32f0-11de-992b-00145e5790ea	Moravská orlice	1881Q4	404	968569
02203ad6-32f0-11de-992b-00145e5790ea	02262e6c-32f0-11de-992b-00145e5790ea	Moravská orlice	1894Q1	342	961933
02203ad6-32f0-11de-992b-00145e5790ea	02262e6c-32f0-11de-992b-00145e5790ea	Moravská orlice	1894Q2	366	992097
02203ad6-32f0-11de-992b-00145e5790ea	02262e6c-32f0-11de-992b-00145e5790ea	Moravská orlice	1894Q3	368	1010487
02203ad6-32f0-11de-992b-00145e5790ea	02262e6c-32f0-11de-992b-00145e5790ea	Moravská orlice	1894Q4	370	1001925
02203ad6-32f0-11de-992b-00145e5790ea	02260753-32f0-11de-992b-00145e5790ea	Moravská orlice	1885Q1	356	910424
02203ad6-32f0-11de-992b-00145e5790ea	02260753-32f0-11de-992b-00145e5790ea	Moravská orlice	1885Q2	362	930382
02203ad6-32f0-11de-992b-00145e5790ea	02260753-32f0-11de-992b-00145e5790ea	Moravská orlice	1885Q3	360	965545
02203ad6-32f0-11de-992b-00145e5790ea	02260753-32f0-11de-992b-00145e5790ea	Moravská orlice	1885Q4	368	958730
02203ad6-32f0-11de-992b-00145e5790ea	02256b00-32f0-11de-992b-00145e5790ea	Moravská orlice	1865Q1	296	693522
02203ad6-32f0-11de-992b-00145e5790ea	02256b00-32f0-11de-992b-00145e5790ea	Moravská orlice	1865Q2	306	708366
02203ad6-32f0-11de-992b-00145e5790ea	02256b00-32f0-11de-992b-00145e5790ea	Moravská orlice	1865Q3	304	706500
02203ad6-32f0-11de-992b-00145e5790ea	02256b00-32f0-11de-992b-00145e5790ea	Moravská orlice	1865Q4	302	712278
02203ad6-32f0-11de-992b-00145e5790ea	02265580-32f0-11de-992b-00145e5790ea	Moravská orlice	1898Q1	392	1066672
02203ad6-32f0-11de-992b-00145e5790ea	02265580-32f0-11de-992b-00145e5790ea	Moravská orlice	1898Q2	400	1043873
02203ad6-32f0-11de-992b-00145e5790ea	02265580-32f0-11de-992b-00145e5790ea	Moravská orlice	1898Q3	392	1033559
02203ad6-32f0-11de-992b-00145e5790ea	02265580-32f0-11de-992b-00145e5790ea	Moravská orlice	1898Q4	402	1041944
02203ad6-32f0-11de-992b-00145e5790ea	0225b928-32f0-11de-992b-00145e5790ea	Moravská orlice	1874Q1	304	929609
02203ad6-32f0-11de-992b-00145e5790ea	0225b928-32f0-11de-992b-00145e5790ea	Moravská orlice	1874Q2	308	933604
02203ad6-32f0-11de-992b-00145e5790ea	0225b928-32f0-11de-992b-00145e5790ea	Moravská orlice	1874Q3	342	1009687
02203ad6-32f0-11de-992b-00145e5790ea	0225b928-32f0-11de-992b-00145e5790ea	Moravská orlice	1874Q4	340	1052414
02203ad6-32f0-11de-992b-00145e5790ea	7b6228b0-b72f-11de-b416-000d606f5dc6	Moravská orlice	1909Q1	448	1170753
02203ad6-32f0-11de-992b-00145e5790ea	7b6228b0-b72f-11de-b416-000d606f5dc6	Moravská orlice	1909Q2	462	1172850
02203ad6-32f0-11de-992b-00145e5790ea	7b6228b0-b72f-11de-b416-000d606f5dc6	Moravská orlice	1909Q3	468	1250677
02203ad6-32f0-11de-992b-00145e5790ea	7b6228b0-b72f-11de-b416-000d606f5dc6	Moravská orlice	1909Q4	494	1258013
02203ad6-32f0-11de-992b-00145e5790ea	02267c94-32f0-11de-992b-00145e5790ea	Moravská orlice	1902Q1	470	1172143
02203ad6-32f0-11de-992b-00145e5790ea	02267c94-32f0-11de-992b-00145e5790ea	Moravská orlice	1902Q2	470	1115847
02203ad6-32f0-11de-992b-00145e5790ea	02267c94-32f0-11de-992b-00145e5790ea	Moravská orlice	1902Q3	484	1264519
02203ad6-32f0-11de-992b-00145e5790ea	02267c94-32f0-11de-992b-00145e5790ea	Moravská orlice	1902Q4	534	1277513
02203ad6-32f0-11de-992b-00145e5790ea	522bacb0-b7d3-11de-ba2e-000d606f5dc6	Moravská orlice	1912Q1	552	1247576
02203ad6-32f0-11de-992b-00145e5790ea	522bacb0-b7d3-11de-ba2e-000d606f5dc6	Moravská orlice	1912Q2	548	1228834
02203ad6-32f0-11de-992b-00145e5790ea	522bacb0-b7d3-11de-ba2e-000d606f5dc6	Moravská orlice	1912Q3	560	1263696
02203ad6-32f0-11de-992b-00145e5790ea	522bacb0-b7d3-11de-ba2e-000d606f5dc6	Moravská orlice	1912Q4	590	1303449
02203ad6-32f0-11de-992b-00145e5790ea	02262e6a-32f0-11de-992b-00145e5790ea	Moravská orlice	1892Q1	350	993807
02203ad6-32f0-11de-992b-00145e5790ea	02262e6a-32f0-11de-992b-00145e5790ea	Moravská orlice	1892Q2	354	1000511
02203ad6-32f0-11de-992b-00145e5790ea	02262e6a-32f0-11de-992b-00145e5790ea	Moravská orlice	1892Q3	358	995132
02203ad6-32f0-11de-992b-00145e5790ea	02262e6a-32f0-11de-992b-00145e5790ea	Moravská orlice	1892Q4	374	977030
02203ad6-32f0-11de-992b-00145e5790ea	02259212-32f0-11de-992b-00145e5790ea	Moravská orlice	1867Q1	304	733735
02203ad6-32f0-11de-992b-00145e5790ea	02259212-32f0-11de-992b-00145e5790ea	Moravská orlice	1867Q2	284	679646
02203ad6-32f0-11de-992b-00145e5790ea	02259212-32f0-11de-992b-00145e5790ea	Moravská orlice	1867Q3	308	747691
02203ad6-32f0-11de-992b-00145e5790ea	02259212-32f0-11de-992b-00145e5790ea	Moravská orlice	1867Q4	308	738595
02203ad6-32f0-11de-992b-00145e5790ea	02256aff-32f0-11de-992b-00145e5790ea	Moravská orlice	1864Q1	296	727213
02203ad6-32f0-11de-992b-00145e5790ea	02256aff-32f0-11de-992b-00145e5790ea	Moravská orlice	1864Q2	298	732297
02203ad6-32f0-11de-992b-00145e5790ea	02256aff-32f0-11de-992b-00145e5790ea	Moravská orlice	1864Q3	304	745577
02203ad6-32f0-11de-992b-00145e5790ea	02256aff-32f0-11de-992b-00145e5790ea	Moravská orlice	1864Q4	304	751059
02203ad6-32f0-11de-992b-00145e5790ea	0226557f-32f0-11de-992b-00145e5790ea	Moravská orlice	1897Q1	386	1021564
02203ad6-32f0-11de-992b-00145e5790ea	0226557f-32f0-11de-992b-00145e5790ea	Moravská orlice	1897Q2	396	1015266
02203ad6-32f0-11de-992b-00145e5790ea	0226557f-32f0-11de-992b-00145e5790ea	Moravská orlice	1897Q3	374	1008351
02203ad6-32f0-11de-992b-00145e5790ea	0226557f-32f0-11de-992b-00145e5790ea	Moravská orlice	1897Q4	398	1033327
02203ad6-32f0-11de-992b-00145e5790ea	02262e6b-32f0-11de-992b-00145e5790ea	Moravská orlice	1893Q1	350	974063
02203ad6-32f0-11de-992b-00145e5790ea	02262e6b-32f0-11de-992b-00145e5790ea	Moravská orlice	1893Q2	354	1013569
02203ad6-32f0-11de-992b-00145e5790ea	02262e6b-32f0-11de-992b-00145e5790ea	Moravská orlice	1893Q3	360	1011309
02203ad6-32f0-11de-992b-00145e5790ea	02262e6b-32f0-11de-992b-00145e5790ea	Moravská orlice	1893Q4	374	1037009
02203ad6-32f0-11de-992b-00145e5790ea	02262e69-32f0-11de-992b-00145e5790ea	Moravská orlice	1891Q1	322	990820
02203ad6-32f0-11de-992b-00145e5790ea	02262e69-32f0-11de-992b-00145e5790ea	Moravská orlice	1891Q2	342	1007612
02203ad6-32f0-11de-992b-00145e5790ea	02262e69-32f0-11de-992b-00145e5790ea	Moravská orlice	1891Q3	334	979188
02203ad6-32f0-11de-992b-00145e5790ea	02262e69-32f0-11de-992b-00145e5790ea	Moravská orlice	1891Q4	334	987257
02203ad6-32f0-11de-992b-00145e5790ea	0225e03d-32f0-11de-992b-00145e5790ea	Moravská orlice	1879Q1	354	885123
02203ad6-32f0-11de-992b-00145e5790ea	0225e03d-32f0-11de-992b-00145e5790ea	Moravská orlice	1879Q2	354	862664
02203ad6-32f0-11de-992b-00145e5790ea	0225e03d-32f0-11de-992b-00145e5790ea	Moravská orlice	1879Q3	340	821753
02203ad6-32f0-11de-992b-00145e5790ea	0225e03d-32f0-11de-992b-00145e5790ea	Moravská orlice	1879Q4	354	843898
02203ad6-32f0-11de-992b-00145e5790ea	0225e040-32f0-11de-992b-00145e5790ea	Moravská orlice	1882Q1	400	958107
02203ad6-32f0-11de-992b-00145e5790ea	0225e040-32f0-11de-992b-00145e5790ea	Moravská orlice	1882Q2	392	937619
02203ad6-32f0-11de-992b-00145e5790ea	0225e040-32f0-11de-992b-00145e5790ea	Moravská orlice	1882Q3	414	985738
02203ad6-32f0-11de-992b-00145e5790ea	0225e040-32f0-11de-992b-00145e5790ea	Moravská orlice	1882Q4	406	974498
02203ad6-32f0-11de-992b-00145e5790ea	02259211-32f0-11de-992b-00145e5790ea	Moravská orlice	1866Q1	294	753068
02203ad6-32f0-11de-992b-00145e5790ea	02259211-32f0-11de-992b-00145e5790ea	Moravská orlice	1866Q2	292	727013
02203ad6-32f0-11de-992b-00145e5790ea	02259211-32f0-11de-992b-00145e5790ea	Moravská orlice	1866Q3	256	645639
02203ad6-32f0-11de-992b-00145e5790ea	02259211-32f0-11de-992b-00145e5790ea	Moravská orlice	1866Q4	302	756044
02203ad6-32f0-11de-992b-00145e5790ea	8139e2c0-0430-11df-95d1-000d606f5dc6	Moravská orlice	1905Q1	516	1323044
02203ad6-32f0-11de-992b-00145e5790ea	8139e2c0-0430-11df-95d1-000d606f5dc6	Moravská orlice	1905Q2	564	1416337
02203ad6-32f0-11de-992b-00145e5790ea	8139e2c0-0430-11df-95d1-000d606f5dc6	Moravská orlice	1905Q3	544	1451646
02203ad6-32f0-11de-992b-00145e5790ea	8139e2c0-0430-11df-95d1-000d606f5dc6	Moravská orlice	1905Q4	582	1427737
02203ad6-32f0-11de-992b-00145e5790ea	0225b927-32f0-11de-992b-00145e5790ea	Moravská orlice	1873Q1	332	786406
02203ad6-32f0-11de-992b-00145e5790ea	0225b927-32f0-11de-992b-00145e5790ea	Moravská orlice	1873Q2	332	782158
02203ad6-32f0-11de-992b-00145e5790ea	0225b927-32f0-11de-992b-00145e5790ea	Moravská orlice	1873Q3	314	892380
02203ad6-32f0-11de-992b-00145e5790ea	0225b927-32f0-11de-992b-00145e5790ea	Moravská orlice	1873Q4	338	949202
02203ad6-32f0-11de-992b-00145e5790ea	02256afe-32f0-11de-992b-00145e5790ea	Moravská orlice	1871Q1	306	829972
02203ad6-32f0-11de-992b-00145e5790ea	02256afe-32f0-11de-992b-00145e5790ea	Moravská orlice	1871Q2	320	844530
02203ad6-32f0-11de-992b-00145e5790ea	02256afe-32f0-11de-992b-00145e5790ea	Moravská orlice	1871Q3	344	904228
02203ad6-32f0-11de-992b-00145e5790ea	02256afe-32f0-11de-992b-00145e5790ea	Moravská orlice	1871Q4	332	866184
02203ad6-32f0-11de-992b-00145e5790ea	02259216-32f0-11de-992b-00145e5790ea	Moravská orlice	1872Q1	332	854867
02203ad6-32f0-11de-992b-00145e5790ea	02259216-32f0-11de-992b-00145e5790ea	Moravská orlice	1872Q2	210	558175
02203ad6-32f0-11de-992b-00145e5790ea	02259216-32f0-11de-992b-00145e5790ea	Moravská orlice	1872Q3	280	675227
02203ad6-32f0-11de-992b-00145e5790ea	02259216-32f0-11de-992b-00145e5790ea	Moravská orlice	1872Q4	324	795229
02203ad6-32f0-11de-992b-00145e5790ea	4ace04b0-b7db-11de-b01f-000d606f5dc6	Moravská orlice	1913Q1	530	1232489
02203ad6-32f0-11de-992b-00145e5790ea	4ace04b0-b7db-11de-b01f-000d606f5dc6	Moravská orlice	1913Q2	542	1248316
02203ad6-32f0-11de-992b-00145e5790ea	4ace04b0-b7db-11de-b01f-000d606f5dc6	Moravská orlice	1913Q3	536	1244212
02203ad6-32f0-11de-992b-00145e5790ea	4ace04b0-b7db-11de-b01f-000d606f5dc6	Moravská orlice	1913Q4	444	1001847
02203ad6-32f0-11de-992b-00145e5790ea	0224a7ab-32f0-11de-992b-00145e5790ea	Moravská orlice	1863Q1	72	147878
02203ad6-32f0-11de-992b-00145e5790ea	0224a7ab-32f0-11de-992b-00145e5790ea	Moravská orlice	1863Q2	292	640972
02203ad6-32f0-11de-992b-00145e5790ea	0224a7ab-32f0-11de-992b-00145e5790ea	Moravská orlice	1863Q3	312	665590
02203ad6-32f0-11de-992b-00145e5790ea	0224a7ab-32f0-11de-992b-00145e5790ea	Moravská orlice	1863Q4	304	635939
02203ad6-32f0-11de-992b-00145e5790ea	0225e041-32f0-11de-992b-00145e5790ea	Moravská orlice	1883Q1	334	921203
02203ad6-32f0-11de-992b-00145e5790ea	0225e041-32f0-11de-992b-00145e5790ea	Moravská orlice	1883Q2	338	916591
02203ad6-32f0-11de-992b-00145e5790ea	0225e041-32f0-11de-992b-00145e5790ea	Moravská orlice	1883Q3	366	983314
02203ad6-32f0-11de-992b-00145e5790ea	0225e041-32f0-11de-992b-00145e5790ea	Moravská orlice	1883Q4	352	941609
02203ad6-32f0-11de-992b-00145e5790ea	02265582-32f0-11de-992b-00145e5790ea	Moravská orlice	1900Q1	426	1091749
02203ad6-32f0-11de-992b-00145e5790ea	02265582-32f0-11de-992b-00145e5790ea	Moravská orlice	1900Q2	452	1069651
02203ad6-32f0-11de-992b-00145e5790ea	02265582-32f0-11de-992b-00145e5790ea	Moravská orlice	1900Q3	458	1251964
02203ad6-32f0-11de-992b-00145e5790ea	02265582-32f0-11de-992b-00145e5790ea	Moravská orlice	1900Q4	458	1221376
02203ad6-32f0-11de-992b-00145e5790ea	02260752-32f0-11de-992b-00145e5790ea	Moravská orlice	1884Q1	362	949821
02203ad6-32f0-11de-992b-00145e5790ea	02260752-32f0-11de-992b-00145e5790ea	Moravská orlice	1884Q2	388	978833
02203ad6-32f0-11de-992b-00145e5790ea	02260752-32f0-11de-992b-00145e5790ea	Moravská orlice	1884Q3	366	978998
02203ad6-32f0-11de-992b-00145e5790ea	02260752-32f0-11de-992b-00145e5790ea	Moravská orlice	1884Q4	360	967826
02203ad6-32f0-11de-992b-00145e5790ea	0226557d-32f0-11de-992b-00145e5790ea	Moravská orlice	1895Q1	358	1023683
02203ad6-32f0-11de-992b-00145e5790ea	0226557d-32f0-11de-992b-00145e5790ea	Moravská orlice	1895Q2	340	941840
02203ad6-32f0-11de-992b-00145e5790ea	0226557d-32f0-11de-992b-00145e5790ea	Moravská orlice	1895Q3	362	1012857
02203ad6-32f0-11de-992b-00145e5790ea	0226557d-32f0-11de-992b-00145e5790ea	Moravská orlice	1895Q4	380	1024588
02203ad6-32f0-11de-992b-00145e5790ea	c473feb0-b726-11de-8fe6-000d606f5dc6	Moravská orlice	1911Q1	568	1357810
02203ad6-32f0-11de-992b-00145e5790ea	c473feb0-b726-11de-8fe6-000d606f5dc6	Moravská orlice	1911Q2	619	1494613
02203ad6-32f0-11de-992b-00145e5790ea	c473feb0-b726-11de-8fe6-000d606f5dc6	Moravská orlice	1911Q3	604	1387781
02203ad6-32f0-11de-992b-00145e5790ea	c473feb0-b726-11de-8fe6-000d606f5dc6	Moravská orlice	1911Q4	592	1306848
02203ad6-32f0-11de-992b-00145e5790ea	02260754-32f0-11de-992b-00145e5790ea	Moravská orlice	1886Q1	350	912008
02203ad6-32f0-11de-992b-00145e5790ea	02260754-32f0-11de-992b-00145e5790ea	Moravská orlice	1886Q2	382	969921
02203ad6-32f0-11de-992b-00145e5790ea	02260754-32f0-11de-992b-00145e5790ea	Moravská orlice	1886Q3	358	934201
02203ad6-32f0-11de-992b-00145e5790ea	02260754-32f0-11de-992b-00145e5790ea	Moravská orlice	1886Q4	350	903627
02203ad6-32f0-11de-992b-00145e5790ea	02259213-32f0-11de-992b-00145e5790ea	Moravská orlice	1868Q1	300	865556
02203ad6-32f0-11de-992b-00145e5790ea	02259213-32f0-11de-992b-00145e5790ea	Moravská orlice	1868Q2	288	811116
02203ad6-32f0-11de-992b-00145e5790ea	02259213-32f0-11de-992b-00145e5790ea	Moravská orlice	1868Q3	308	883770
02203ad6-32f0-11de-992b-00145e5790ea	02259213-32f0-11de-992b-00145e5790ea	Moravská orlice	1868Q4	298	829554
ae876087-435d-11dd-b505-00145e5790ea	22c49f78-31a7-11e7-af67-001b63bd97ba	Národní listy	1890Q1	1000	3651813
ae876087-435d-11dd-b505-00145e5790ea	22c49f78-31a7-11e7-af67-001b63bd97ba	Národní listy	1890Q2	1046	3930693
ae876087-435d-11dd-b505-00145e5790ea	22c49f78-31a7-11e7-af67-001b63bd97ba	Národní listy	1890Q3	1036	3743595
ae876087-435d-11dd-b505-00145e5790ea	22c49f78-31a7-11e7-af67-001b63bd97ba	Národní listy	1890Q4	1039	3673456
ae876087-435d-11dd-b505-00145e5790ea	b2af86f0-435d-11dd-b505-00145e5790ea	Národní listy	1881Q1	402	1849596
ae876087-435d-11dd-b505-00145e5790ea	b2af86f0-435d-11dd-b505-00145e5790ea	Národní listy	1881Q2	446	1995560
ae876087-435d-11dd-b505-00145e5790ea	b2af86f0-435d-11dd-b505-00145e5790ea	Národní listy	1881Q3	460	2089808
ae876087-435d-11dd-b505-00145e5790ea	b2af86f0-435d-11dd-b505-00145e5790ea	Národní listy	1881Q4	524	2262609
ae876087-435d-11dd-b505-00145e5790ea	b2a8d023-435d-11dd-b505-00145e5790ea	Národní listy	1867Q1	360	1403752
ae876087-435d-11dd-b505-00145e5790ea	b2a8d023-435d-11dd-b505-00145e5790ea	Národní listy	1867Q2	118	456692
ae876087-435d-11dd-b505-00145e5790ea	b2a8d023-435d-11dd-b505-00145e5790ea	Národní listy	1867Q3	248	974451
ae876087-435d-11dd-b505-00145e5790ea	b2a8d023-435d-11dd-b505-00145e5790ea	Národní listy	1867Q4	408	1559981
ae876087-435d-11dd-b505-00145e5790ea	b2a8d023-435d-11dd-b505-00145e5790ea	Národní listy	1967Q3	4	16006
ae876087-435d-11dd-b505-00145e5790ea	b2ae9c8e-435d-11dd-b505-00145e5790ea	Národní listy	1878Q1	356	1614323
ae876087-435d-11dd-b505-00145e5790ea	b2ae9c8e-435d-11dd-b505-00145e5790ea	Národní listy	1878Q2	366	1620638
ae876087-435d-11dd-b505-00145e5790ea	b2ae9c8e-435d-11dd-b505-00145e5790ea	Národní listy	1878Q3	360	1621829
ae876087-435d-11dd-b505-00145e5790ea	b2ae9c8e-435d-11dd-b505-00145e5790ea	Národní listy	1878Q4	376	1692075
ae876087-435d-11dd-b505-00145e5790ea	c73d1310-668e-11dc-8b94-000d606f5dc6	Národní listy	1900Q1	1236	4423847
ae876087-435d-11dd-b505-00145e5790ea	c73d1310-668e-11dc-8b94-000d606f5dc6	Národní listy	1900Q2	1290	4573695
ae876087-435d-11dd-b505-00145e5790ea	c73d1310-668e-11dc-8b94-000d606f5dc6	Národní listy	1900Q3	1256	4472281
ae876087-435d-11dd-b505-00145e5790ea	c73d1310-668e-11dc-8b94-000d606f5dc6	Národní listy	1900Q4	1366	4558364
ae876087-435d-11dd-b505-00145e5790ea	b2b3578e-435d-11dd-b505-00145e5790ea	Národní listy	1897Q1	1284	4480679
ae876087-435d-11dd-b505-00145e5790ea	b2b3578e-435d-11dd-b505-00145e5790ea	Národní listy	1897Q2	1306	4397152
ae876087-435d-11dd-b505-00145e5790ea	b2b3578e-435d-11dd-b505-00145e5790ea	Národní listy	1897Q3	1306	4454490
ae876087-435d-11dd-b505-00145e5790ea	b2b3578e-435d-11dd-b505-00145e5790ea	Národní listy	1897Q4	1390	4557878
ae876087-435d-11dd-b505-00145e5790ea	b2a797a1-435d-11dd-b505-00145e5790ea	Národní listy	1863Q4	64	48118
ae876087-435d-11dd-b505-00145e5790ea	b2a797a1-435d-11dd-b505-00145e5790ea	Národní listy	1864Q1	96	68613
ae876087-435d-11dd-b505-00145e5790ea	b2a797a1-435d-11dd-b505-00145e5790ea	Národní listy	1864Q2	96	68962
ae876087-435d-11dd-b505-00145e5790ea	b2a797a1-435d-11dd-b505-00145e5790ea	Národní listy	1864Q3	96	68533
ae876087-435d-11dd-b505-00145e5790ea	b2a797a1-435d-11dd-b505-00145e5790ea	Národní listy	1864Q4	96	73259
ae876087-435d-11dd-b505-00145e5790ea	b2ab683a-435d-11dd-b505-00145e5790ea	Národní listy	1874Q1	382	1726593
ae876087-435d-11dd-b505-00145e5790ea	b2ab683a-435d-11dd-b505-00145e5790ea	Národní listy	1874Q2	392	1721042
ae876087-435d-11dd-b505-00145e5790ea	b2ab683a-435d-11dd-b505-00145e5790ea	Národní listy	1874Q3	406	1776805
ae876087-435d-11dd-b505-00145e5790ea	b2ab683a-435d-11dd-b505-00145e5790ea	Národní listy	1874Q4	398	1743445
ae876087-435d-11dd-b505-00145e5790ea	b2aec39f-435d-11dd-b505-00145e5790ea	Národní listy	1880Q1	384	1759282
ae876087-435d-11dd-b505-00145e5790ea	b2aec39f-435d-11dd-b505-00145e5790ea	Národní listy	1880Q2	400	1814413
ae876087-435d-11dd-b505-00145e5790ea	b2aec39f-435d-11dd-b505-00145e5790ea	Národní listy	1880Q3	362	1702592
ae876087-435d-11dd-b505-00145e5790ea	b2aec39f-435d-11dd-b505-00145e5790ea	Národní listy	1880Q4	386	1789225
ae876087-435d-11dd-b505-00145e5790ea	b2b3578f-435d-11dd-b505-00145e5790ea	Národní listy	1898Q1	1340	4703725
ae876087-435d-11dd-b505-00145e5790ea	b2b3578f-435d-11dd-b505-00145e5790ea	Národní listy	1898Q2	1352	4612834
ae876087-435d-11dd-b505-00145e5790ea	b2b3578f-435d-11dd-b505-00145e5790ea	Národní listy	1898Q3	1296	4417193
ae876087-435d-11dd-b505-00145e5790ea	b2b3578f-435d-11dd-b505-00145e5790ea	Národní listy	1898Q4	1378	4597982
ae876087-435d-11dd-b505-00145e5790ea	d50b52c0-8f8e-11dd-8d75-000d606f5dc6	Národní listy	1910Q1	846	3616466
ae876087-435d-11dd-b505-00145e5790ea	d50b52c0-8f8e-11dd-8d75-000d606f5dc6	Národní listy	1910Q2	882	3739516
ae876087-435d-11dd-b505-00145e5790ea	d50b52c0-8f8e-11dd-8d75-000d606f5dc6	Národní listy	1910Q3	838	3638287
ae876087-435d-11dd-b505-00145e5790ea	d50b52c0-8f8e-11dd-8d75-000d606f5dc6	Národní listy	1910Q4	1042	4178290
ae876087-435d-11dd-b505-00145e5790ea	4c718000-8f08-11dd-a577-000d606f5dc6	Národní listy	1913Q1	1118	4870146
ae876087-435d-11dd-b505-00145e5790ea	4c718000-8f08-11dd-a577-000d606f5dc6	Národní listy	1913Q2	1134	4973951
ae876087-435d-11dd-b505-00145e5790ea	4c718000-8f08-11dd-a577-000d606f5dc6	Národní listy	1913Q3	1096	4888977
ae876087-435d-11dd-b505-00145e5790ea	4c718000-8f08-11dd-a577-000d606f5dc6	Národní listy	1913Q4	1057	4402264
ae876087-435d-11dd-b505-00145e5790ea	b2a9ba85-435d-11dd-b505-00145e5790ea	Národní listy	1869Q2	274	1201315
ae876087-435d-11dd-b505-00145e5790ea	b2a9ba85-435d-11dd-b505-00145e5790ea	Národní listy	1869Q3	434	1861173
ae876087-435d-11dd-b505-00145e5790ea	b2a9ba85-435d-11dd-b505-00145e5790ea	Národní listy	1869Q4	426	1839277
ae876087-435d-11dd-b505-00145e5790ea	cba1d3b0-5fb2-11dc-91ff-0013e6840575	Národní listy	1899Q1	1330	4584596
ae876087-435d-11dd-b505-00145e5790ea	cba1d3b0-5fb2-11dc-91ff-0013e6840575	Národní listy	1899Q2	1370	4786596
ae876087-435d-11dd-b505-00145e5790ea	cba1d3b0-5fb2-11dc-91ff-0013e6840575	Národní listy	1899Q3	1334	4646219
ae876087-435d-11dd-b505-00145e5790ea	cba1d3b0-5fb2-11dc-91ff-0013e6840575	Národní listy	1899Q4	1446	4839170
ae876087-435d-11dd-b505-00145e5790ea	bedfd3e0-78f6-11dc-a315-000d606f5dc6	Národní listy	1905Q1	1184	4252355
ae876087-435d-11dd-b505-00145e5790ea	bedfd3e0-78f6-11dc-a315-000d606f5dc6	Národní listy	1905Q2	1220	4409336
ae876087-435d-11dd-b505-00145e5790ea	bedfd3e0-78f6-11dc-a315-000d606f5dc6	Národní listy	1905Q3	1206	4472399
ae876087-435d-11dd-b505-00145e5790ea	bedfd3e0-78f6-11dc-a315-000d606f5dc6	Národní listy	1905Q4	1322	4631154
ae876087-435d-11dd-b505-00145e5790ea	b2af86f4-435d-11dd-b505-00145e5790ea	Národní listy	1887Q1	952	3540866
ae876087-435d-11dd-b505-00145e5790ea	b2af86f4-435d-11dd-b505-00145e5790ea	Národní listy	1887Q2	1006	3645589
ae876087-435d-11dd-b505-00145e5790ea	b2af86f4-435d-11dd-b505-00145e5790ea	Národní listy	1887Q3	968	3524335
ae876087-435d-11dd-b505-00145e5790ea	b2af86f4-435d-11dd-b505-00145e5790ea	Národní listy	1887Q4	1020	3571505
ae876087-435d-11dd-b505-00145e5790ea	ee48c4d0-6824-11dc-afb6-000d606f5dc6	Národní listy	1902Q1	1240	4538549
ae876087-435d-11dd-b505-00145e5790ea	ee48c4d0-6824-11dc-afb6-000d606f5dc6	Národní listy	1902Q2	1256	4714485
ae876087-435d-11dd-b505-00145e5790ea	ee48c4d0-6824-11dc-afb6-000d606f5dc6	Národní listy	1902Q3	1160	4322845
ae876087-435d-11dd-b505-00145e5790ea	ee48c4d0-6824-11dc-afb6-000d606f5dc6	Národní listy	1902Q4	1302	4547500
ae876087-435d-11dd-b505-00145e5790ea	c3d53bc0-db15-11dc-af7e-000d606f5dc6	Národní listy	1914Q1	706	2885568
ae876087-435d-11dd-b505-00145e5790ea	c3d53bc0-db15-11dc-af7e-000d606f5dc6	Národní listy	1914Q2	834	3696301
ae876087-435d-11dd-b505-00145e5790ea	c3d53bc0-db15-11dc-af7e-000d606f5dc6	Národní listy	1914Q3	627	2746417
ae876087-435d-11dd-b505-00145e5790ea	c3d53bc0-db15-11dc-af7e-000d606f5dc6	Národní listy	1914Q4	620	2788978
ae876087-435d-11dd-b505-00145e5790ea	b2a9ba84-435d-11dd-b505-00145e5790ea	Národní listy	1868Q1	362	1726055
ae876087-435d-11dd-b505-00145e5790ea	b2a9ba84-435d-11dd-b505-00145e5790ea	Národní listy	1868Q2	390	1740100
ae876087-435d-11dd-b505-00145e5790ea	b2a9ba84-435d-11dd-b505-00145e5790ea	Národní listy	1868Q3	68	319847
ae876087-435d-11dd-b505-00145e5790ea	b2a8d022-435d-11dd-b505-00145e5790ea	Národní listy	1866Q1	364	1448831
ae876087-435d-11dd-b505-00145e5790ea	b2a8d022-435d-11dd-b505-00145e5790ea	Národní listy	1866Q2	358	1382438
ae876087-435d-11dd-b505-00145e5790ea	b2a8d022-435d-11dd-b505-00145e5790ea	Národní listy	1866Q3	320	1191036
ae876087-435d-11dd-b505-00145e5790ea	b2a8d022-435d-11dd-b505-00145e5790ea	Národní listy	1866Q4	364	1429745
ae876087-435d-11dd-b505-00145e5790ea	b2a7497e-435d-11dd-b505-00145e5790ea	Národní listy	1862Q1	340	1304924
ae876087-435d-11dd-b505-00145e5790ea	b2a7497e-435d-11dd-b505-00145e5790ea	Národní listy	1862Q2	336	1284757
ae876087-435d-11dd-b505-00145e5790ea	b2a7497e-435d-11dd-b505-00145e5790ea	Národní listy	1862Q3	350	1318106
ae876087-435d-11dd-b505-00145e5790ea	b2a7497e-435d-11dd-b505-00145e5790ea	Národní listy	1862Q4	380	1288290
ae876087-435d-11dd-b505-00145e5790ea	b2a7497e-435d-11dd-b505-00145e5790ea	Národní listy	1962Q2	4	14860
ae876087-435d-11dd-b505-00145e5790ea	d282cea0-75c4-11dc-8b12-000d606f5dc6	Národní listy	1907Q1	1256	4481308
ae876087-435d-11dd-b505-00145e5790ea	d282cea0-75c4-11dc-8b12-000d606f5dc6	Národní listy	1907Q2	1242	4477991
ae876087-435d-11dd-b505-00145e5790ea	d282cea0-75c4-11dc-8b12-000d606f5dc6	Národní listy	1907Q3	1186	4372764
ae876087-435d-11dd-b505-00145e5790ea	d282cea0-75c4-11dc-8b12-000d606f5dc6	Národní listy	1907Q4	1276	4503046
ae876087-435d-11dd-b505-00145e5790ea	b2714569-435d-11dd-b505-00145e5790ea	Národní listy	1885Q1	958	3348986
ae876087-435d-11dd-b505-00145e5790ea	b2714569-435d-11dd-b505-00145e5790ea	Národní listy	1885Q2	934	3281788
ae876087-435d-11dd-b505-00145e5790ea	b2714569-435d-11dd-b505-00145e5790ea	Národní listy	1885Q3	972	3417921
ae876087-435d-11dd-b505-00145e5790ea	b2714569-435d-11dd-b505-00145e5790ea	Národní listy	1885Q4	1044	3598369
ae876087-435d-11dd-b505-00145e5790ea	b2b30968-435d-11dd-b505-00145e5790ea	Národní listy	1891Q1	1078	3902489
ae876087-435d-11dd-b505-00145e5790ea	b2b30968-435d-11dd-b505-00145e5790ea	Národní listy	1891Q2	1184	4189681
ae876087-435d-11dd-b505-00145e5790ea	b2b30968-435d-11dd-b505-00145e5790ea	Národní listy	1891Q3	1206	4401391
ae876087-435d-11dd-b505-00145e5790ea	b2b30968-435d-11dd-b505-00145e5790ea	Národní listy	1891Q4	1222	4412236
ae876087-435d-11dd-b505-00145e5790ea	dee8f370-7e59-11dc-9916-000d606f5dc6	Národní listy	1906Q1	1212	4361986
ae876087-435d-11dd-b505-00145e5790ea	dee8f370-7e59-11dc-9916-000d606f5dc6	Národní listy	1906Q2	1220	4435997
ae876087-435d-11dd-b505-00145e5790ea	dee8f370-7e59-11dc-9916-000d606f5dc6	Národní listy	1906Q3	1200	4378749
ae876087-435d-11dd-b505-00145e5790ea	dee8f370-7e59-11dc-9916-000d606f5dc6	Národní listy	1906Q4	1276	4440717
ae876087-435d-11dd-b505-00145e5790ea	b23d3ce2-435d-11dd-b505-00145e5790ea	Národní listy	1861Q1	358	1221451
ae876087-435d-11dd-b505-00145e5790ea	b23d3ce2-435d-11dd-b505-00145e5790ea	Národní listy	1861Q2	348	1289501
ae876087-435d-11dd-b505-00145e5790ea	b23d3ce2-435d-11dd-b505-00145e5790ea	Národní listy	1861Q3	378	1380038
ae876087-435d-11dd-b505-00145e5790ea	b23d3ce2-435d-11dd-b505-00145e5790ea	Národní listy	1861Q4	350	1325755
ae876087-435d-11dd-b505-00145e5790ea	b23d3ce2-435d-11dd-b505-00145e5790ea	Národní listy	1864Q3	4	15348
ae876087-435d-11dd-b505-00145e5790ea	b2a74980-435d-11dd-b505-00145e5790ea	Národní listy	1864Q1	330	1289727
ae876087-435d-11dd-b505-00145e5790ea	b2a74980-435d-11dd-b505-00145e5790ea	Národní listy	1864Q2	336	1307684
ae876087-435d-11dd-b505-00145e5790ea	b2a74980-435d-11dd-b505-00145e5790ea	Národní listy	1864Q3	348	1399442
ae876087-435d-11dd-b505-00145e5790ea	b2a74980-435d-11dd-b505-00145e5790ea	Národní listy	1864Q4	362	1442888
ae876087-435d-11dd-b505-00145e5790ea	ea456b40-7107-11dc-8ce7-000d606f5dc6	Národní listy	1904Q1	1220	4488496
ae876087-435d-11dd-b505-00145e5790ea	ea456b40-7107-11dc-8ce7-000d606f5dc6	Národní listy	1904Q2	1195	4313032
ae876087-435d-11dd-b505-00145e5790ea	ea456b40-7107-11dc-8ce7-000d606f5dc6	Národní listy	1904Q3	1206	4456710
ae876087-435d-11dd-b505-00145e5790ea	ea456b40-7107-11dc-8ce7-000d606f5dc6	Národní listy	1904Q4	1300	4521466
ae876087-435d-11dd-b505-00145e5790ea	af960c30-8d62-11dc-a447-000d606f5dc6	Národní listy	1909Q1	1101	4809974
ae876087-435d-11dd-b505-00145e5790ea	af960c30-8d62-11dc-a447-000d606f5dc6	Národní listy	1909Q2	1114	4832555
ae876087-435d-11dd-b505-00145e5790ea	af960c30-8d62-11dc-a447-000d606f5dc6	Národní listy	1909Q3	1104	4954004
ae876087-435d-11dd-b505-00145e5790ea	af960c30-8d62-11dc-a447-000d606f5dc6	Národní listy	1909Q4	1172	4939753
ae876087-435d-11dd-b505-00145e5790ea	b2a9e197-435d-11dd-b505-00145e5790ea	Národní listy	1871Q1	436	1806644
ae876087-435d-11dd-b505-00145e5790ea	b2a9e197-435d-11dd-b505-00145e5790ea	Národní listy	1871Q2	458	1897482
ae876087-435d-11dd-b505-00145e5790ea	b2a9e197-435d-11dd-b505-00145e5790ea	Národní listy	1871Q3	454	1923924
ae876087-435d-11dd-b505-00145e5790ea	b2a9e197-435d-11dd-b505-00145e5790ea	Národní listy	1871Q4	452	1922271
ae876087-435d-11dd-b505-00145e5790ea	b2a7497f-435d-11dd-b505-00145e5790ea	Národní listy	1863Q1	354	1278432
ae876087-435d-11dd-b505-00145e5790ea	b2a7497f-435d-11dd-b505-00145e5790ea	Národní listy	1863Q2	346	1240664
ae876087-435d-11dd-b505-00145e5790ea	b2a7497f-435d-11dd-b505-00145e5790ea	Národní listy	1863Q3	360	1287584
ae876087-435d-11dd-b505-00145e5790ea	b2a7497f-435d-11dd-b505-00145e5790ea	Národní listy	1863Q4	376	1307771
ae876087-435d-11dd-b505-00145e5790ea	b2b30965-435d-11dd-b505-00145e5790ea	Národní listy	1888Q1	1008	3639922
ae876087-435d-11dd-b505-00145e5790ea	b2b30965-435d-11dd-b505-00145e5790ea	Národní listy	1888Q2	1002	3651245
ae876087-435d-11dd-b505-00145e5790ea	b2b30965-435d-11dd-b505-00145e5790ea	Národní listy	1888Q3	998	3667589
ae876087-435d-11dd-b505-00145e5790ea	b2b30965-435d-11dd-b505-00145e5790ea	Národní listy	1888Q4	1016	3628408
ae876087-435d-11dd-b505-00145e5790ea	845fa597-31b2-11e7-af67-001b63bd97ba	Národní listy	1896Q1	1354	4861474
ae876087-435d-11dd-b505-00145e5790ea	845fa597-31b2-11e7-af67-001b63bd97ba	Národní listy	1896Q2	1310	4640721
ae876087-435d-11dd-b505-00145e5790ea	845fa597-31b2-11e7-af67-001b63bd97ba	Národní listy	1896Q3	1304	4680609
ae876087-435d-11dd-b505-00145e5790ea	845fa597-31b2-11e7-af67-001b63bd97ba	Národní listy	1896Q4	1404	4826739
ae876087-435d-11dd-b505-00145e5790ea	b2ae004d-435d-11dd-b505-00145e5790ea	Národní listy	1877Q1	380	1739350
ae876087-435d-11dd-b505-00145e5790ea	b2ae004d-435d-11dd-b505-00145e5790ea	Národní listy	1877Q2	410	1791873
ae876087-435d-11dd-b505-00145e5790ea	b2ae004d-435d-11dd-b505-00145e5790ea	Národní listy	1877Q3	392	1799616
ae876087-435d-11dd-b505-00145e5790ea	b2ae004d-435d-11dd-b505-00145e5790ea	Národní listy	1877Q4	392	1792995
ae876087-435d-11dd-b505-00145e5790ea	f255a570-65fe-11dc-af40-000d606f5dc6	Národní listy	1901Q1	1232	4399011
ae876087-435d-11dd-b505-00145e5790ea	f255a570-65fe-11dc-af40-000d606f5dc6	Národní listy	1901Q2	1310	4589845
ae876087-435d-11dd-b505-00145e5790ea	f255a570-65fe-11dc-af40-000d606f5dc6	Národní listy	1901Q3	1248	4426302
ae876087-435d-11dd-b505-00145e5790ea	f255a570-65fe-11dc-af40-000d606f5dc6	Národní listy	1901Q4	1360	4566029
ae876087-435d-11dd-b505-00145e5790ea	8f7ab8c0-909e-11dd-a2cd-000d606f5dc6	Národní listy	1912Q1	1198	5152279
ae876087-435d-11dd-b505-00145e5790ea	8f7ab8c0-909e-11dd-a2cd-000d606f5dc6	Národní listy	1912Q2	1233	5183909
ae876087-435d-11dd-b505-00145e5790ea	8f7ab8c0-909e-11dd-a2cd-000d606f5dc6	Národní listy	1912Q3	1124	4935992
ae876087-435d-11dd-b505-00145e5790ea	8f7ab8c0-909e-11dd-a2cd-000d606f5dc6	Národní listy	1912Q4	1288	5166924
ae876087-435d-11dd-b505-00145e5790ea	b2b30969-435d-11dd-b505-00145e5790ea	Národní listy	1892Q1	1160	4287996
ae876087-435d-11dd-b505-00145e5790ea	b2b30969-435d-11dd-b505-00145e5790ea	Národní listy	1892Q2	1188	4342758
ae876087-435d-11dd-b505-00145e5790ea	b2b30969-435d-11dd-b505-00145e5790ea	Národní listy	1892Q3	1159	4198547
ae876087-435d-11dd-b505-00145e5790ea	b2b30969-435d-11dd-b505-00145e5790ea	Národní listy	1892Q4	1262	4424181
ae876087-435d-11dd-b505-00145e5790ea	b2af86f1-435d-11dd-b505-00145e5790ea	Národní listy	1883Q1	842	2816043
ae876087-435d-11dd-b505-00145e5790ea	b2af86f1-435d-11dd-b505-00145e5790ea	Národní listy	1883Q2	904	2962864
ae876087-435d-11dd-b505-00145e5790ea	b2af86f1-435d-11dd-b505-00145e5790ea	Národní listy	1883Q3	850	2910724
ae876087-435d-11dd-b505-00145e5790ea	b2af86f1-435d-11dd-b505-00145e5790ea	Národní listy	1883Q4	870	2878025
ae876087-435d-11dd-b505-00145e5790ea	b243ccc6-435d-11dd-b505-00145e5790ea	Národní listy	1865Q1	371	1410452
ae876087-435d-11dd-b505-00145e5790ea	b243ccc6-435d-11dd-b505-00145e5790ea	Národní listy	1865Q2	110	443842
ae876087-435d-11dd-b505-00145e5790ea	b243ccc6-435d-11dd-b505-00145e5790ea	Národní listy	1865Q3	348	1430324
ae876087-435d-11dd-b505-00145e5790ea	b243ccc6-435d-11dd-b505-00145e5790ea	Národní listy	1865Q4	380	1494489
ae876087-435d-11dd-b505-00145e5790ea	b8ab5560-70b5-11dc-929f-000d606f5dc6	Národní listy	1903Q1	1242	4585940
ae876087-435d-11dd-b505-00145e5790ea	b8ab5560-70b5-11dc-929f-000d606f5dc6	Národní listy	1903Q2	1200	4392789
ae876087-435d-11dd-b505-00145e5790ea	b8ab5560-70b5-11dc-929f-000d606f5dc6	Národní listy	1903Q3	1220	4506730
ae876087-435d-11dd-b505-00145e5790ea	b8ab5560-70b5-11dc-929f-000d606f5dc6	Národní listy	1903Q4	1322	4656549
ae876087-435d-11dd-b505-00145e5790ea	b2b3307c-435d-11dd-b505-00145e5790ea	Národní listy	1895Q1	1308	4552197
ae876087-435d-11dd-b505-00145e5790ea	b2b3307c-435d-11dd-b505-00145e5790ea	Národní listy	1895Q2	1344	4540856
ae876087-435d-11dd-b505-00145e5790ea	b2b3307c-435d-11dd-b505-00145e5790ea	Národní listy	1895Q3	1322	4565577
ae876087-435d-11dd-b505-00145e5790ea	b2b3307c-435d-11dd-b505-00145e5790ea	Národní listy	1895Q4	1338	4497697
ae876087-435d-11dd-b505-00145e5790ea	9ca74ad0-738b-11dc-a884-000d606f5dc6	Národní listy	1908Q1	1204	4387798
ae876087-435d-11dd-b505-00145e5790ea	9ca74ad0-738b-11dc-a884-000d606f5dc6	Národní listy	1908Q2	1190	4280574
ae876087-435d-11dd-b505-00145e5790ea	9ca74ad0-738b-11dc-a884-000d606f5dc6	Národní listy	1908Q3	1206	4428962
ae876087-435d-11dd-b505-00145e5790ea	9ca74ad0-738b-11dc-a884-000d606f5dc6	Národní listy	1908Q4	1234	4455073
ae876087-435d-11dd-b505-00145e5790ea	b2a9ba86-435d-11dd-b505-00145e5790ea	Národní listy	1870Q1	410	1780226
ae876087-435d-11dd-b505-00145e5790ea	b2a9ba86-435d-11dd-b505-00145e5790ea	Národní listy	1870Q2	446	1904913
ae876087-435d-11dd-b505-00145e5790ea	b2a9ba86-435d-11dd-b505-00145e5790ea	Národní listy	1870Q3	423	1770786
ae876087-435d-11dd-b505-00145e5790ea	b2a9ba86-435d-11dd-b505-00145e5790ea	Národní listy	1870Q4	462	1908917
ae876087-435d-11dd-b505-00145e5790ea	93619447-31a5-11e7-af67-001b63bd97ba	Národní listy	1889Q1	1000	3648364
ae876087-435d-11dd-b505-00145e5790ea	93619447-31a5-11e7-af67-001b63bd97ba	Národní listy	1889Q2	1012	3625519
ae876087-435d-11dd-b505-00145e5790ea	93619447-31a5-11e7-af67-001b63bd97ba	Národní listy	1889Q3	1020	3674026
ae876087-435d-11dd-b505-00145e5790ea	93619447-31a5-11e7-af67-001b63bd97ba	Národní listy	1889Q4	1082	3893905
ae876087-435d-11dd-b505-00145e5790ea	b2b5c7a7-435d-11dd-b505-00145e5790ea	Národní listy	1886Q1	948	3416446
ae876087-435d-11dd-b505-00145e5790ea	b2b5c7a7-435d-11dd-b505-00145e5790ea	Národní listy	1886Q2	1026	3632562
ae876087-435d-11dd-b505-00145e5790ea	b2b5c7a7-435d-11dd-b505-00145e5790ea	Národní listy	1886Q3	986	3551209
ae876087-435d-11dd-b505-00145e5790ea	b2b5c7a7-435d-11dd-b505-00145e5790ea	Národní listy	1886Q4	1025	3581155
ae876087-435d-11dd-b505-00145e5790ea	b2b3307a-435d-11dd-b505-00145e5790ea	Národní listy	1893Q1	1178	4309639
ae876087-435d-11dd-b505-00145e5790ea	b2b3307a-435d-11dd-b505-00145e5790ea	Národní listy	1893Q2	1216	4427949
ae876087-435d-11dd-b505-00145e5790ea	b2b3307a-435d-11dd-b505-00145e5790ea	Národní listy	1893Q3	1156	4234021
ae876087-435d-11dd-b505-00145e5790ea	b2b3307a-435d-11dd-b505-00145e5790ea	Národní listy	1893Q4	1236	4212792
ae876087-435d-11dd-b505-00145e5790ea	b2b3307b-435d-11dd-b505-00145e5790ea	Národní listy	1894Q1	1146	4161105
ae876087-435d-11dd-b505-00145e5790ea	b2b3307b-435d-11dd-b505-00145e5790ea	Národní listy	1894Q2	1180	4284997
ae876087-435d-11dd-b505-00145e5790ea	b2b3307b-435d-11dd-b505-00145e5790ea	Národní listy	1894Q3	1152	4206458
ae876087-435d-11dd-b505-00145e5790ea	b2b3307b-435d-11dd-b505-00145e5790ea	Národní listy	1894Q4	1336	4553447
ae876087-435d-11dd-b505-00145e5790ea	b2a9e199-435d-11dd-b505-00145e5790ea	Národní listy	1873Q1	396	1572997
ae876087-435d-11dd-b505-00145e5790ea	b2a9e199-435d-11dd-b505-00145e5790ea	Národní listy	1873Q2	450	1766032
ae876087-435d-11dd-b505-00145e5790ea	b2a9e199-435d-11dd-b505-00145e5790ea	Národní listy	1873Q3	406	1628251
ae876087-435d-11dd-b505-00145e5790ea	b2a9e199-435d-11dd-b505-00145e5790ea	Národní listy	1873Q4	378	1619212
ae876087-435d-11dd-b505-00145e5790ea	b2a9e199-435d-11dd-b505-00145e5790ea	Národní listy	1874Q2	2	9716
ae876087-435d-11dd-b505-00145e5790ea	b2a9e199-435d-11dd-b505-00145e5790ea	Národní listy	1876Q4	4	13110
ae876087-435d-11dd-b505-00145e5790ea	b2a65f1d-435d-11dd-b505-00145e5790ea	Národní listy	1879Q1	362	1688225
ae876087-435d-11dd-b505-00145e5790ea	b2a65f1d-435d-11dd-b505-00145e5790ea	Národní listy	1879Q2	376	1738784
ae876087-435d-11dd-b505-00145e5790ea	b2a65f1d-435d-11dd-b505-00145e5790ea	Národní listy	1879Q3	358	1724789
ae876087-435d-11dd-b505-00145e5790ea	b2a65f1d-435d-11dd-b505-00145e5790ea	Národní listy	1879Q4	378	1792198
ae876087-435d-11dd-b505-00145e5790ea	b2a9e198-435d-11dd-b505-00145e5790ea	Národní listy	1872Q1	498	1943216
ae876087-435d-11dd-b505-00145e5790ea	b2a9e198-435d-11dd-b505-00145e5790ea	Národní listy	1872Q2	492	1975325
ae876087-435d-11dd-b505-00145e5790ea	b2a9e198-435d-11dd-b505-00145e5790ea	Národní listy	1872Q3	472	1848361
ae876087-435d-11dd-b505-00145e5790ea	b2a9e198-435d-11dd-b505-00145e5790ea	Národní listy	1872Q4	460	1851706
ae876087-435d-11dd-b505-00145e5790ea	b2ab683b-435d-11dd-b505-00145e5790ea	Národní listy	1875Q1	372	1737019
ae876087-435d-11dd-b505-00145e5790ea	b2ab683b-435d-11dd-b505-00145e5790ea	Národní listy	1875Q2	382	1754477
ae876087-435d-11dd-b505-00145e5790ea	b2ab683b-435d-11dd-b505-00145e5790ea	Národní listy	1875Q3	380	1742166
ae876087-435d-11dd-b505-00145e5790ea	b2ab683b-435d-11dd-b505-00145e5790ea	Národní listy	1875Q4	402	1786579
ae876087-435d-11dd-b505-00145e5790ea	0a1369d0-5c91-11dc-be2d-0013e6840575	Národní listy	1882Q1	494	2158003
ae876087-435d-11dd-b505-00145e5790ea	0a1369d0-5c91-11dc-be2d-0013e6840575	Národní listy	1882Q2	524	2280251
ae876087-435d-11dd-b505-00145e5790ea	0a1369d0-5c91-11dc-be2d-0013e6840575	Národní listy	1882Q3	562	2373511
ae876087-435d-11dd-b505-00145e5790ea	0a1369d0-5c91-11dc-be2d-0013e6840575	Národní listy	1882Q4	884	2895489
ae876087-435d-11dd-b505-00145e5790ea	b2aca0bc-435d-11dd-b505-00145e5790ea	Národní listy	1876Q1	380	1678883
ae876087-435d-11dd-b505-00145e5790ea	b2aca0bc-435d-11dd-b505-00145e5790ea	Národní listy	1876Q2	374	1640059
ae876087-435d-11dd-b505-00145e5790ea	b2aca0bc-435d-11dd-b505-00145e5790ea	Národní listy	1876Q3	386	1686805
ae876087-435d-11dd-b505-00145e5790ea	b2aca0bc-435d-11dd-b505-00145e5790ea	Národní listy	1876Q4	406	1746082
ae876087-435d-11dd-b505-00145e5790ea	b2aca0bc-435d-11dd-b505-00145e5790ea	Národní listy	1976Q4	6	28114
ae876087-435d-11dd-b505-00145e5790ea	b26f97b8-435d-11dd-b505-00145e5790ea	Národní listy	1884Q1	920	3133991
ae876087-435d-11dd-b505-00145e5790ea	b26f97b8-435d-11dd-b505-00145e5790ea	Národní listy	1884Q2	926	3117356
ae876087-435d-11dd-b505-00145e5790ea	b26f97b8-435d-11dd-b505-00145e5790ea	Národní listy	1884Q3	1072	3452313
ae876087-435d-11dd-b505-00145e5790ea	b26f97b8-435d-11dd-b505-00145e5790ea	Národní listy	1884Q4	1064	3427081
ae876087-435d-11dd-b505-00145e5790ea	6bd92c90-d978-11dc-bf88-000d606f5dc6	Národní listy	1911Q1	1260	5381973
ae876087-435d-11dd-b505-00145e5790ea	6bd92c90-d978-11dc-bf88-000d606f5dc6	Národní listy	1911Q2	1308	5585175
ae876087-435d-11dd-b505-00145e5790ea	6bd92c90-d978-11dc-bf88-000d606f5dc6	Národní listy	1911Q3	1190	5321307
ae876087-435d-11dd-b505-00145e5790ea	6bd92c90-d978-11dc-bf88-000d606f5dc6	Národní listy	1911Q4	1397	5823276
bdc405b0-e5f9-11dc-bfb2-000d606f5dc6	b23610e3-435d-11dd-b505-00145e5790ea	Lidové noviny	1897Q1	437	984093
bdc405b0-e5f9-11dc-bfb2-000d606f5dc6	b23610e3-435d-11dd-b505-00145e5790ea	Lidové noviny	1897Q2	426	946056
bdc405b0-e5f9-11dc-bfb2-000d606f5dc6	b23610e3-435d-11dd-b505-00145e5790ea	Lidové noviny	1897Q3	416	1015433
bdc405b0-e5f9-11dc-bfb2-000d606f5dc6	b23610e3-435d-11dd-b505-00145e5790ea	Lidové noviny	1897Q4	448	1030804
bdc405b0-e5f9-11dc-bfb2-000d606f5dc6	b23a56ad-435d-11dd-b505-00145e5790ea	Lidové noviny	1910Q1	1345	2848393
bdc405b0-e5f9-11dc-bfb2-000d606f5dc6	b23a56ad-435d-11dd-b505-00145e5790ea	Lidové noviny	1910Q2	1404	2945439
bdc405b0-e5f9-11dc-bfb2-000d606f5dc6	b23a56ad-435d-11dd-b505-00145e5790ea	Lidové noviny	1910Q3	1345	3070306
bdc405b0-e5f9-11dc-bfb2-000d606f5dc6	b23a56ad-435d-11dd-b505-00145e5790ea	Lidové noviny	1910Q4	1523	3172299
bdc405b0-e5f9-11dc-bfb2-000d606f5dc6	b239ba6b-435d-11dd-b505-00145e5790ea	Lidové noviny	1908Q1	1118	2527236
bdc405b0-e5f9-11dc-bfb2-000d606f5dc6	b239ba6b-435d-11dd-b505-00145e5790ea	Lidové noviny	1908Q2	1190	2636893
bdc405b0-e5f9-11dc-bfb2-000d606f5dc6	b239ba6b-435d-11dd-b505-00145e5790ea	Lidové noviny	1908Q3	1136	2638301
bdc405b0-e5f9-11dc-bfb2-000d606f5dc6	b239ba6b-435d-11dd-b505-00145e5790ea	Lidové noviny	1908Q4	1278	2711828
bdc405b0-e5f9-11dc-bfb2-000d606f5dc6	b23881e9-435d-11dd-b505-00145e5790ea	Lidové noviny	1903Q1	664	1523568
bdc405b0-e5f9-11dc-bfb2-000d606f5dc6	b23881e9-435d-11dd-b505-00145e5790ea	Lidové noviny	1903Q2	661	1518898
bdc405b0-e5f9-11dc-bfb2-000d606f5dc6	b23881e9-435d-11dd-b505-00145e5790ea	Lidové noviny	1903Q3	657	1565593
bdc405b0-e5f9-11dc-bfb2-000d606f5dc6	b23881e9-435d-11dd-b505-00145e5790ea	Lidové noviny	1903Q4	720	1536959
bdc405b0-e5f9-11dc-bfb2-000d606f5dc6	b237be98-435d-11dd-b505-00145e5790ea	Lidové noviny	1902Q1	632	1342516
bdc405b0-e5f9-11dc-bfb2-000d606f5dc6	b237be98-435d-11dd-b505-00145e5790ea	Lidové noviny	1902Q2	652	1397252
bdc405b0-e5f9-11dc-bfb2-000d606f5dc6	b237be98-435d-11dd-b505-00145e5790ea	Lidové noviny	1902Q3	660	1592259
bdc405b0-e5f9-11dc-bfb2-000d606f5dc6	b237be98-435d-11dd-b505-00145e5790ea	Lidové noviny	1902Q4	745	1590117
bdc405b0-e5f9-11dc-bfb2-000d606f5dc6	b2379786-435d-11dd-b505-00145e5790ea	Lidové noviny	1900Q1	616	1420110
bdc405b0-e5f9-11dc-bfb2-000d606f5dc6	b2379786-435d-11dd-b505-00145e5790ea	Lidové noviny	1900Q2	608	1397260
bdc405b0-e5f9-11dc-bfb2-000d606f5dc6	b2379786-435d-11dd-b505-00145e5790ea	Lidové noviny	1900Q3	644	1545610
bdc405b0-e5f9-11dc-bfb2-000d606f5dc6	b2379786-435d-11dd-b505-00145e5790ea	Lidové noviny	1900Q4	638	1506556
bdc405b0-e5f9-11dc-bfb2-000d606f5dc6	b232dc8e-435d-11dd-b505-00145e5790ea	Lidové noviny	1904Q1	670	1459024
bdc405b0-e5f9-11dc-bfb2-000d606f5dc6	b232dc8e-435d-11dd-b505-00145e5790ea	Lidové noviny	1904Q2	670	1441489
bdc405b0-e5f9-11dc-bfb2-000d606f5dc6	b232dc8e-435d-11dd-b505-00145e5790ea	Lidové noviny	1904Q3	694	1528752
bdc405b0-e5f9-11dc-bfb2-000d606f5dc6	b232dc8e-435d-11dd-b505-00145e5790ea	Lidové noviny	1904Q4	754	1544469
bdc405b0-e5f9-11dc-bfb2-000d606f5dc6	b23a56ac-435d-11dd-b505-00145e5790ea	Lidové noviny	1904Q2	4	6622
bdc405b0-e5f9-11dc-bfb2-000d606f5dc6	b23a56ac-435d-11dd-b505-00145e5790ea	Lidové noviny	1908Q2	16	31641
bdc405b0-e5f9-11dc-bfb2-000d606f5dc6	b23a56ac-435d-11dd-b505-00145e5790ea	Lidové noviny	1909Q1	1271	2878322
bdc405b0-e5f9-11dc-bfb2-000d606f5dc6	b23a56ac-435d-11dd-b505-00145e5790ea	Lidové noviny	1909Q2	1278	2889977
bdc405b0-e5f9-11dc-bfb2-000d606f5dc6	b23a56ac-435d-11dd-b505-00145e5790ea	Lidové noviny	1909Q3	1299	2994532
bdc405b0-e5f9-11dc-bfb2-000d606f5dc6	b23a56ac-435d-11dd-b505-00145e5790ea	Lidové noviny	1909Q4	1482	3202449
bdc405b0-e5f9-11dc-bfb2-000d606f5dc6	b23a56ac-435d-11dd-b505-00145e5790ea	Lidové noviny	1919Q2	4	11369
bdc405b0-e5f9-11dc-bfb2-000d606f5dc6	b2354d90-435d-11dd-b505-00145e5790ea	Lidové noviny	1906Q1	1044	2319752
bdc405b0-e5f9-11dc-bfb2-000d606f5dc6	b2354d90-435d-11dd-b505-00145e5790ea	Lidové noviny	1906Q2	1090	1559515
bdc405b0-e5f9-11dc-bfb2-000d606f5dc6	b2354d90-435d-11dd-b505-00145e5790ea	Lidové noviny	1906Q3	1036	2304747
bdc405b0-e5f9-11dc-bfb2-000d606f5dc6	b2354d90-435d-11dd-b505-00145e5790ea	Lidové noviny	1906Q4	1132	2301954
bdc405b0-e5f9-11dc-bfb2-000d606f5dc6	b235267f-435d-11dd-b505-00145e5790ea	Lidové noviny	1905Q1	732	1502371
bdc405b0-e5f9-11dc-bfb2-000d606f5dc6	b235267f-435d-11dd-b505-00145e5790ea	Lidové noviny	1905Q2	770	1513074
bdc405b0-e5f9-11dc-bfb2-000d606f5dc6	b235267f-435d-11dd-b505-00145e5790ea	Lidové noviny	1905Q3	752	1613128
bdc405b0-e5f9-11dc-bfb2-000d606f5dc6	b235267f-435d-11dd-b505-00145e5790ea	Lidové noviny	1905Q4	908	1780428
bdc405b0-e5f9-11dc-bfb2-000d606f5dc6	b236d435-435d-11dd-b505-00145e5790ea	Lidové noviny	1899Q1	450	1039727
bdc405b0-e5f9-11dc-bfb2-000d606f5dc6	b236d435-435d-11dd-b505-00145e5790ea	Lidové noviny	1899Q2	476	1026050
bdc405b0-e5f9-11dc-bfb2-000d606f5dc6	b236d435-435d-11dd-b505-00145e5790ea	Lidové noviny	1899Q3	457	1009808
bdc405b0-e5f9-11dc-bfb2-000d606f5dc6	b236d435-435d-11dd-b505-00145e5790ea	Lidové noviny	1899Q4	528	1069214
bdc405b0-e5f9-11dc-bfb2-000d606f5dc6	b2368614-435d-11dd-b505-00145e5790ea	Lidové noviny	1898Q1	400	628623
bdc405b0-e5f9-11dc-bfb2-000d606f5dc6	b2368614-435d-11dd-b505-00145e5790ea	Lidové noviny	1898Q2	410	717291
bdc405b0-e5f9-11dc-bfb2-000d606f5dc6	b2368614-435d-11dd-b505-00145e5790ea	Lidové noviny	1898Q3	447	1069216
bdc405b0-e5f9-11dc-bfb2-000d606f5dc6	b2368614-435d-11dd-b505-00145e5790ea	Lidové noviny	1898Q4	498	1117522
bdc405b0-e5f9-11dc-bfb2-000d606f5dc6	b23b410e-435d-11dd-b505-00145e5790ea	Lidové noviny	1911Q1	1318	2982136
bdc405b0-e5f9-11dc-bfb2-000d606f5dc6	b23b410e-435d-11dd-b505-00145e5790ea	Lidové noviny	1911Q2	1428	3168341
bdc405b0-e5f9-11dc-bfb2-000d606f5dc6	b23b410e-435d-11dd-b505-00145e5790ea	Lidové noviny	1911Q3	1392	3096514
bdc405b0-e5f9-11dc-bfb2-000d606f5dc6	b23b410e-435d-11dd-b505-00145e5790ea	Lidové noviny	1911Q4	1582	3144747
bdc405b0-e5f9-11dc-bfb2-000d606f5dc6	b23b410e-435d-11dd-b505-00145e5790ea	Lidové noviny	1912Q4	24	58245
bdc405b0-e5f9-11dc-bfb2-000d606f5dc6	b231a40c-435d-11dd-b505-00145e5790ea	Lidové noviny	1893Q4	88	191809
bdc405b0-e5f9-11dc-bfb2-000d606f5dc6	b23610e2-435d-11dd-b505-00145e5790ea	Lidové noviny	1895Q1	517	1282510
bdc405b0-e5f9-11dc-bfb2-000d606f5dc6	b23610e2-435d-11dd-b505-00145e5790ea	Lidové noviny	1895Q2	452	1085892
bdc405b0-e5f9-11dc-bfb2-000d606f5dc6	b23610e2-435d-11dd-b505-00145e5790ea	Lidové noviny	1895Q3	466	620794
bdc405b0-e5f9-11dc-bfb2-000d606f5dc6	b23610e2-435d-11dd-b505-00145e5790ea	Lidové noviny	1895Q4	310	617968
bdc405b0-e5f9-11dc-bfb2-000d606f5dc6	b237be97-435d-11dd-b505-00145e5790ea	Lidové noviny	1901Q1	623	878949
bdc405b0-e5f9-11dc-bfb2-000d606f5dc6	b237be97-435d-11dd-b505-00145e5790ea	Lidové noviny	1901Q2	648	1461643
bdc405b0-e5f9-11dc-bfb2-000d606f5dc6	b237be97-435d-11dd-b505-00145e5790ea	Lidové noviny	1901Q3	642	1476870
bdc405b0-e5f9-11dc-bfb2-000d606f5dc6	b237be97-435d-11dd-b505-00145e5790ea	Lidové noviny	1901Q4	664	1449313
bdc405b0-e5f9-11dc-bfb2-000d606f5dc6	b23c7990-435d-11dd-b505-00145e5790ea	Lidové noviny	1911Q1	2	6726
bdc405b0-e5f9-11dc-bfb2-000d606f5dc6	b23c7990-435d-11dd-b505-00145e5790ea	Lidové noviny	1912Q4	4	11599
bdc405b0-e5f9-11dc-bfb2-000d606f5dc6	b23c7990-435d-11dd-b505-00145e5790ea	Lidové noviny	1913Q1	1356	3506042
bdc405b0-e5f9-11dc-bfb2-000d606f5dc6	b23c7990-435d-11dd-b505-00145e5790ea	Lidové noviny	1913Q2	1390	3614253
bdc405b0-e5f9-11dc-bfb2-000d606f5dc6	b23c7990-435d-11dd-b505-00145e5790ea	Lidové noviny	1913Q3	1368	3669342
bdc405b0-e5f9-11dc-bfb2-000d606f5dc6	b23c7990-435d-11dd-b505-00145e5790ea	Lidové noviny	1913Q4	1391	3505572
bdc405b0-e5f9-11dc-bfb2-000d606f5dc6	b23c7990-435d-11dd-b505-00145e5790ea	Lidové noviny	1931Q1	4	11946
bdc405b0-e5f9-11dc-bfb2-000d606f5dc6	b231f22d-435d-11dd-b505-00145e5790ea	Lidové noviny	1896Q1	469	1041006
bdc405b0-e5f9-11dc-bfb2-000d606f5dc6	b231f22d-435d-11dd-b505-00145e5790ea	Lidové noviny	1896Q2	468	1100388
bdc405b0-e5f9-11dc-bfb2-000d606f5dc6	b231f22d-435d-11dd-b505-00145e5790ea	Lidové noviny	1896Q3	450	1050611
bdc405b0-e5f9-11dc-bfb2-000d606f5dc6	b231f22d-435d-11dd-b505-00145e5790ea	Lidové noviny	1896Q4	472	1077455
bdc405b0-e5f9-11dc-bfb2-000d606f5dc6	b235e9d1-435d-11dd-b505-00145e5790ea	Lidové noviny	1894Q1	499	1268146
bdc405b0-e5f9-11dc-bfb2-000d606f5dc6	b235e9d1-435d-11dd-b505-00145e5790ea	Lidové noviny	1894Q2	542	1287532
bdc405b0-e5f9-11dc-bfb2-000d606f5dc6	b235e9d1-435d-11dd-b505-00145e5790ea	Lidové noviny	1894Q3	536	1305404
bdc405b0-e5f9-11dc-bfb2-000d606f5dc6	b235e9d1-435d-11dd-b505-00145e5790ea	Lidové noviny	1894Q4	543	1300822
bdc405b0-e5f9-11dc-bfb2-000d606f5dc6	b23881ea-435d-11dd-b505-00145e5790ea	Lidové noviny	1907Q1	1068	2310739
bdc405b0-e5f9-11dc-bfb2-000d606f5dc6	b23881ea-435d-11dd-b505-00145e5790ea	Lidové noviny	1907Q2	1071	2316997
bdc405b0-e5f9-11dc-bfb2-000d606f5dc6	b23881ea-435d-11dd-b505-00145e5790ea	Lidové noviny	1907Q3	1063	2361043
bdc405b0-e5f9-11dc-bfb2-000d606f5dc6	b23881ea-435d-11dd-b505-00145e5790ea	Lidové noviny	1907Q4	1194	2597794
bdc405b0-e5f9-11dc-bfb2-000d606f5dc6	b23881ea-435d-11dd-b505-00145e5790ea	Lidové noviny	1910Q3	8	19134
bdc405b0-e5f9-11dc-bfb2-000d606f5dc6	b23d3ce1-435d-11dd-b505-00145e5790ea	Lidové noviny	1814Q1	3	7177
bdc405b0-e5f9-11dc-bfb2-000d606f5dc6	b23d3ce1-435d-11dd-b505-00145e5790ea	Lidové noviny	1913Q1	11	31780
bdc405b0-e5f9-11dc-bfb2-000d606f5dc6	b23d3ce1-435d-11dd-b505-00145e5790ea	Lidové noviny	1914Q1	1383	3623340
bdc405b0-e5f9-11dc-bfb2-000d606f5dc6	b23d3ce1-435d-11dd-b505-00145e5790ea	Lidové noviny	1914Q2	1612	4019791
bdc405b0-e5f9-11dc-bfb2-000d606f5dc6	b23d3ce1-435d-11dd-b505-00145e5790ea	Lidové noviny	1914Q3	988	2597248
bdc405b0-e5f9-11dc-bfb2-000d606f5dc6	b23d3ce1-435d-11dd-b505-00145e5790ea	Lidové noviny	1914Q4	850	2236100
bdc405b0-e5f9-11dc-bfb2-000d606f5dc6	b23c798f-435d-11dd-b505-00145e5790ea	Lidové noviny	1812Q3	2	2782
bdc405b0-e5f9-11dc-bfb2-000d606f5dc6	b23c798f-435d-11dd-b505-00145e5790ea	Lidové noviny	1911Q4	30	56807
bdc405b0-e5f9-11dc-bfb2-000d606f5dc6	b23c798f-435d-11dd-b505-00145e5790ea	Lidové noviny	1912Q1	1392	3361251
bdc405b0-e5f9-11dc-bfb2-000d606f5dc6	b23c798f-435d-11dd-b505-00145e5790ea	Lidové noviny	1912Q2	1434	3502583
bdc405b0-e5f9-11dc-bfb2-000d606f5dc6	b23c798f-435d-11dd-b505-00145e5790ea	Lidové noviny	1912Q3	1332	3430771
bdc405b0-e5f9-11dc-bfb2-000d606f5dc6	b23c798f-435d-11dd-b505-00145e5790ea	Lidové noviny	1912Q4	1468	3500343
b138db20-a5e4-11e8-99aa-005056827e51	a9da7180-1034-11e9-a9e5-005056827e52	Katolické listy	1902Q1	676	1379210
b138db20-a5e4-11e8-99aa-005056827e51	a9da7180-1034-11e9-a9e5-005056827e52	Katolické listy	1902Q2	694	1430708
b138db20-a5e4-11e8-99aa-005056827e51	a9da7180-1034-11e9-a9e5-005056827e52	Katolické listy	1902Q3	706	1392243
b138db20-a5e4-11e8-99aa-005056827e51	a9da7180-1034-11e9-a9e5-005056827e52	Katolické listy	1902Q4	720	1407172
b138db20-a5e4-11e8-99aa-005056827e51	9693c840-56a9-11e9-936e-005056827e52	Katolické listy	1903Q1	700	1413828
b138db20-a5e4-11e8-99aa-005056827e51	9693c840-56a9-11e9-936e-005056827e52	Katolické listy	1903Q2	684	1349184
b138db20-a5e4-11e8-99aa-005056827e51	9693c840-56a9-11e9-936e-005056827e52	Katolické listy	1903Q3	740	1427662
b138db20-a5e4-11e8-99aa-005056827e51	9693c840-56a9-11e9-936e-005056827e52	Katolické listy	1903Q4	738	1441540
b138db20-a5e4-11e8-99aa-005056827e51	dfe47730-fca7-11e8-a5a4-005056827e52	Katolické listy	1901Q1	716	1442276
b138db20-a5e4-11e8-99aa-005056827e51	dfe47730-fca7-11e8-a5a4-005056827e52	Katolické listy	1901Q2	706	1444291
b138db20-a5e4-11e8-99aa-005056827e51	dfe47730-fca7-11e8-a5a4-005056827e52	Katolické listy	1901Q3	706	1430026
b138db20-a5e4-11e8-99aa-005056827e51	dfe47730-fca7-11e8-a5a4-005056827e52	Katolické listy	1901Q4	730	1481927
b138db20-a5e4-11e8-99aa-005056827e51	970457b0-02d3-11e9-bc37-005056827e51	Katolické listy	1897Q1	738	1429601
b138db20-a5e4-11e8-99aa-005056827e51	970457b0-02d3-11e9-bc37-005056827e51	Katolické listy	1897Q2	742	1470509
b138db20-a5e4-11e8-99aa-005056827e51	970457b0-02d3-11e9-bc37-005056827e51	Katolické listy	1897Q3	742	1542560
b138db20-a5e4-11e8-99aa-005056827e51	970457b0-02d3-11e9-bc37-005056827e51	Katolické listy	1897Q4	702	1484463
b138db20-a5e4-11e8-99aa-005056827e51	fde060b0-9103-11e8-87bd-005056827e52	Katolické listy	1899Q1	686	1350656
b138db20-a5e4-11e8-99aa-005056827e51	fde060b0-9103-11e8-87bd-005056827e52	Katolické listy	1899Q2	688	1383309
b138db20-a5e4-11e8-99aa-005056827e51	fde060b0-9103-11e8-87bd-005056827e52	Katolické listy	1899Q3	674	1341114
b138db20-a5e4-11e8-99aa-005056827e51	fde060b0-9103-11e8-87bd-005056827e52	Katolické listy	1899Q4	720	1433206
b138db20-a5e4-11e8-99aa-005056827e51	b453d6c0-a5e4-11e8-99aa-005056827e51	Katolické listy	1898Q1	688	1518853
b138db20-a5e4-11e8-99aa-005056827e51	b453d6c0-a5e4-11e8-99aa-005056827e51	Katolické listy	1898Q2	668	1433907
b138db20-a5e4-11e8-99aa-005056827e51	b453d6c0-a5e4-11e8-99aa-005056827e51	Katolické listy	1898Q3	728	1520627
b138db20-a5e4-11e8-99aa-005056827e51	b453d6c0-a5e4-11e8-99aa-005056827e51	Katolické listy	1898Q4	710	1473030
b138db20-a5e4-11e8-99aa-005056827e51	ab466390-f9f9-11e8-bc37-005056827e51	Katolické listy	1900Q1	680	1362765
b138db20-a5e4-11e8-99aa-005056827e51	ab466390-f9f9-11e8-bc37-005056827e51	Katolické listy	1900Q2	662	1341514
b138db20-a5e4-11e8-99aa-005056827e51	ab466390-f9f9-11e8-bc37-005056827e51	Katolické listy	1900Q3	740	1471979
b138db20-a5e4-11e8-99aa-005056827e51	ab466390-f9f9-11e8-bc37-005056827e51	Katolické listy	1900Q4	702	1415003
5c259210-2182-11e6-918e-5ef3fc9ae867	13892970-6874-11e6-9f9c-001018b5eb5c	Čech: politický týdenník katolický	1895Q1	296	779985
5c259210-2182-11e6-918e-5ef3fc9ae867	13892970-6874-11e6-9f9c-001018b5eb5c	Čech: politický týdenník katolický	1895Q2	238	617397
5c259210-2182-11e6-918e-5ef3fc9ae867	13892970-6874-11e6-9f9c-001018b5eb5c	Čech: politický týdenník katolický	1895Q3	308	791936
5c259210-2182-11e6-918e-5ef3fc9ae867	13892970-6874-11e6-9f9c-001018b5eb5c	Čech: politický týdenník katolický	1895Q4	304	781018
5c259210-2182-11e6-918e-5ef3fc9ae867	13892970-6874-11e6-9f9c-001018b5eb5c	Čech: politický týdenník katolický	1985Q2	52	136549
5c259210-2182-11e6-918e-5ef3fc9ae867	383de300-4e57-11e6-ad5e-5ef3fc9bb22f	Čech: politický týdenník katolický	1882Q1	292	875086
5c259210-2182-11e6-918e-5ef3fc9ae867	383de300-4e57-11e6-ad5e-5ef3fc9bb22f	Čech: politický týdenník katolický	1882Q2	290	863901
5c259210-2182-11e6-918e-5ef3fc9ae867	383de300-4e57-11e6-ad5e-5ef3fc9bb22f	Čech: politický týdenník katolický	1882Q3	304	914041
5c259210-2182-11e6-918e-5ef3fc9ae867	383de300-4e57-11e6-ad5e-5ef3fc9bb22f	Čech: politický týdenník katolický	1882Q4	300	867727
5c259210-2182-11e6-918e-5ef3fc9ae867	6d4100c0-27d6-11e6-a344-5ef3fc9ae867	Čech: politický týdenník katolický	1873Q1	298	699665
5c259210-2182-11e6-918e-5ef3fc9ae867	6d4100c0-27d6-11e6-a344-5ef3fc9ae867	Čech: politický týdenník katolický	1873Q2	296	699653
5c259210-2182-11e6-918e-5ef3fc9ae867	6d4100c0-27d6-11e6-a344-5ef3fc9ae867	Čech: politický týdenník katolický	1873Q3	310	756756
5c259210-2182-11e6-918e-5ef3fc9ae867	6d4100c0-27d6-11e6-a344-5ef3fc9ae867	Čech: politický týdenník katolický	1873Q4	304	773894
5c259210-2182-11e6-918e-5ef3fc9ae867	bf20cb20-2987-11e6-a7c4-005056825209	Čech: politický týdenník katolický	1877Q1	322	847322
5c259210-2182-11e6-918e-5ef3fc9ae867	bf20cb20-2987-11e6-a7c4-005056825209	Čech: politický týdenník katolický	1877Q2	316	827474
5c259210-2182-11e6-918e-5ef3fc9ae867	bf20cb20-2987-11e6-a7c4-005056825209	Čech: politický týdenník katolický	1877Q3	312	805995
5c259210-2182-11e6-918e-5ef3fc9ae867	bf20cb20-2987-11e6-a7c4-005056825209	Čech: politický týdenník katolický	1877Q4	300	778408
5c259210-2182-11e6-918e-5ef3fc9ae867	2ded3230-6918-11e6-9747-005056827e52	Čech: politický týdenník katolický	1896Q1	326	825085
5c259210-2182-11e6-918e-5ef3fc9ae867	2ded3230-6918-11e6-9747-005056827e52	Čech: politický týdenník katolický	1896Q2	348	886466
5c259210-2182-11e6-918e-5ef3fc9ae867	2ded3230-6918-11e6-9747-005056827e52	Čech: politický týdenník katolický	1896Q3	358	962706
5c259210-2182-11e6-918e-5ef3fc9ae867	2ded3230-6918-11e6-9747-005056827e52	Čech: politický týdenník katolický	1896Q4	344	914362
5c259210-2182-11e6-918e-5ef3fc9ae867	c66a4820-48ea-11e6-8746-005056825209	Čech: politický týdenník katolický	1884Q1	304	898976
5c259210-2182-11e6-918e-5ef3fc9ae867	c66a4820-48ea-11e6-8746-005056825209	Čech: politický týdenník katolický	1884Q2	290	859164
5c259210-2182-11e6-918e-5ef3fc9ae867	c66a4820-48ea-11e6-8746-005056825209	Čech: politický týdenník katolický	1884Q3	310	920428
5c259210-2182-11e6-918e-5ef3fc9ae867	c66a4820-48ea-11e6-8746-005056825209	Čech: politický týdenník katolický	1884Q4	310	879209
5c259210-2182-11e6-918e-5ef3fc9ae867	a51624b0-62c5-11e6-95c7-005056825209	Čech: politický týdenník katolický	1883Q1	300	880527
5c259210-2182-11e6-918e-5ef3fc9ae867	a51624b0-62c5-11e6-95c7-005056825209	Čech: politický týdenník katolický	1883Q2	294	870341
5c259210-2182-11e6-918e-5ef3fc9ae867	a51624b0-62c5-11e6-95c7-005056825209	Čech: politický týdenník katolický	1883Q3	302	874866
5c259210-2182-11e6-918e-5ef3fc9ae867	a51624b0-62c5-11e6-95c7-005056825209	Čech: politický týdenník katolický	1883Q4	302	850251
5c259210-2182-11e6-918e-5ef3fc9ae867	04ad73e0-742f-11e6-8fbd-005056827e52	Čech: politický týdenník katolický	1910Q3	726	1448159
5c259210-2182-11e6-918e-5ef3fc9ae867	04ad73e0-742f-11e6-8fbd-005056827e52	Čech: politický týdenník katolický	1910Q4	716	1456317
5c259210-2182-11e6-918e-5ef3fc9ae867	d0f01b00-733b-11e6-95d9-5ef3fc9ae867	Čech: politický týdenník katolický	1905Q1	682	1220349
5c259210-2182-11e6-918e-5ef3fc9ae867	d0f01b00-733b-11e6-95d9-5ef3fc9ae867	Čech: politický týdenník katolický	1905Q2	668	1171631
5c259210-2182-11e6-918e-5ef3fc9ae867	d0f01b00-733b-11e6-95d9-5ef3fc9ae867	Čech: politický týdenník katolický	1905Q3	696	1240540
5c259210-2182-11e6-918e-5ef3fc9ae867	d0f01b00-733b-11e6-95d9-5ef3fc9ae867	Čech: politický týdenník katolický	1905Q4	682	1204297
5c259210-2182-11e6-918e-5ef3fc9ae867	d49881e0-f0cb-11e5-ae80-001018b5eb5c	Čech: politický týdenník katolický	1910Q1	744	1453789
5c259210-2182-11e6-918e-5ef3fc9ae867	d49881e0-f0cb-11e5-ae80-001018b5eb5c	Čech: politický týdenník katolický	1910Q2	762	1478534
5c259210-2182-11e6-918e-5ef3fc9ae867	e1289630-74cd-11e6-aa85-005056825209	Čech: politický týdenník katolický	1909Q1	714	1351632
5c259210-2182-11e6-918e-5ef3fc9ae867	e1289630-74cd-11e6-aa85-005056825209	Čech: politický týdenník katolický	1909Q2	766	1412655
5c259210-2182-11e6-918e-5ef3fc9ae867	e1289630-74cd-11e6-aa85-005056825209	Čech: politický týdenník katolický	1909Q3	766	1424185
5c259210-2182-11e6-918e-5ef3fc9ae867	e1289630-74cd-11e6-aa85-005056825209	Čech: politický týdenník katolický	1909Q4	802	1419990
5c259210-2182-11e6-918e-5ef3fc9ae867	165c8470-6f69-11e6-a429-001018b5eb5c	Čech: politický týdenník katolický	1904Q1	744	1308925
5c259210-2182-11e6-918e-5ef3fc9ae867	165c8470-6f69-11e6-a429-001018b5eb5c	Čech: politický týdenník katolický	1904Q2	725	1284545
5c259210-2182-11e6-918e-5ef3fc9ae867	165c8470-6f69-11e6-a429-001018b5eb5c	Čech: politický týdenník katolický	1904Q3	754	1339310
5c259210-2182-11e6-918e-5ef3fc9ae867	165c8470-6f69-11e6-a429-001018b5eb5c	Čech: politický týdenník katolický	1904Q4	754	1307260
5c259210-2182-11e6-918e-5ef3fc9ae867	5f5f6490-69f5-11e6-9f9c-001018b5eb5c	Čech: politický týdenník katolický	1894Q1	326	823804
5c259210-2182-11e6-918e-5ef3fc9ae867	5f5f6490-69f5-11e6-9f9c-001018b5eb5c	Čech: politický týdenník katolický	1894Q2	318	802977
5c259210-2182-11e6-918e-5ef3fc9ae867	5f5f6490-69f5-11e6-9f9c-001018b5eb5c	Čech: politický týdenník katolický	1894Q3	302	782739
5c259210-2182-11e6-918e-5ef3fc9ae867	5f5f6490-69f5-11e6-9f9c-001018b5eb5c	Čech: politický týdenník katolický	1894Q4	304	793333
5c259210-2182-11e6-918e-5ef3fc9ae867	1d90e280-7fc8-11e6-afc6-005056827e52	Čech: politický týdenník katolický	1913Q1	1016	1539559
5c259210-2182-11e6-918e-5ef3fc9ae867	1d90e280-7fc8-11e6-afc6-005056827e52	Čech: politický týdenník katolický	1913Q2	984	1481009
5c259210-2182-11e6-918e-5ef3fc9ae867	1d90e280-7fc8-11e6-afc6-005056827e52	Čech: politický týdenník katolický	1913Q3	982	1495675
5c259210-2182-11e6-918e-5ef3fc9ae867	1d90e280-7fc8-11e6-afc6-005056827e52	Čech: politický týdenník katolický	1913Q4	934	1404521
5c259210-2182-11e6-918e-5ef3fc9ae867	67ecd510-49a3-11e6-ad5e-5ef3fc9bb22f	Čech: politický týdenník katolický	1885Q1	292	848132
5c259210-2182-11e6-918e-5ef3fc9ae867	67ecd510-49a3-11e6-ad5e-5ef3fc9bb22f	Čech: politický týdenník katolický	1885Q2	290	853589
5c259210-2182-11e6-918e-5ef3fc9ae867	67ecd510-49a3-11e6-ad5e-5ef3fc9bb22f	Čech: politický týdenník katolický	1885Q3	304	909138
5c259210-2182-11e6-918e-5ef3fc9ae867	67ecd510-49a3-11e6-ad5e-5ef3fc9bb22f	Čech: politický týdenník katolický	1885Q4	332	897464
5c259210-2182-11e6-918e-5ef3fc9ae867	2768af00-f821-11e6-8830-005056827e51	Čech: politický týdenník katolický	1876Q1	300	757253
5c259210-2182-11e6-918e-5ef3fc9ae867	2768af00-f821-11e6-8830-005056827e51	Čech: politický týdenník katolický	1876Q2	290	721949
5c259210-2182-11e6-918e-5ef3fc9ae867	2768af00-f821-11e6-8830-005056827e51	Čech: politický týdenník katolický	1876Q3	336	909984
5c259210-2182-11e6-918e-5ef3fc9ae867	2768af00-f821-11e6-8830-005056827e51	Čech: politický týdenník katolický	1876Q4	320	831558
5c259210-2182-11e6-918e-5ef3fc9ae867	08cb28c0-289c-11e6-a7c6-005056827e52	Čech: politický týdenník katolický	1879Q1	288	734136
5c259210-2182-11e6-918e-5ef3fc9ae867	08cb28c0-289c-11e6-a7c6-005056827e52	Čech: politický týdenník katolický	1879Q2	294	768555
5c259210-2182-11e6-918e-5ef3fc9ae867	08cb28c0-289c-11e6-a7c6-005056827e52	Čech: politický týdenník katolický	1879Q3	304	799434
5c259210-2182-11e6-918e-5ef3fc9ae867	08cb28c0-289c-11e6-a7c6-005056827e52	Čech: politický týdenník katolický	1879Q4	302	789594
5c259210-2182-11e6-918e-5ef3fc9ae867	868510a0-393b-11e6-ad5e-5ef3fc9bb22f	Čech: politický týdenník katolický	1880Q1	292	775915
5c259210-2182-11e6-918e-5ef3fc9ae867	868510a0-393b-11e6-ad5e-5ef3fc9bb22f	Čech: politický týdenník katolický	1880Q2	296	790482
5c259210-2182-11e6-918e-5ef3fc9ae867	868510a0-393b-11e6-ad5e-5ef3fc9bb22f	Čech: politický týdenník katolický	1880Q3	308	813599
5c259210-2182-11e6-918e-5ef3fc9ae867	868510a0-393b-11e6-ad5e-5ef3fc9bb22f	Čech: politický týdenník katolický	1880Q4	304	803896
5c259210-2182-11e6-918e-5ef3fc9ae867	3e2d3e50-74f9-11e6-8fbd-005056827e52	Čech: politický týdenník katolický	1907Q1	754	1375604
5c259210-2182-11e6-918e-5ef3fc9ae867	3e2d3e50-74f9-11e6-8fbd-005056827e52	Čech: politický týdenník katolický	1907Q2	736	1335622
5c259210-2182-11e6-918e-5ef3fc9ae867	3e2d3e50-74f9-11e6-8fbd-005056827e52	Čech: politický týdenník katolický	1907Q3	728	1345718
5c259210-2182-11e6-918e-5ef3fc9ae867	3e2d3e50-74f9-11e6-8fbd-005056827e52	Čech: politický týdenník katolický	1907Q4	778	1391396
5c259210-2182-11e6-918e-5ef3fc9ae867	3e2d3e50-74f9-11e6-8fbd-005056827e52	Čech: politický týdenník katolický	1917Q2	8	12867
5c259210-2182-11e6-918e-5ef3fc9ae867	9d0c9530-8c62-11e6-88c5-005056827e52	Čech: politický týdenník katolický	1914Q1	788	1140917
5c259210-2182-11e6-918e-5ef3fc9ae867	9d0c9530-8c62-11e6-88c5-005056827e52	Čech: politický týdenník katolický	1914Q2	960	1474835
5c259210-2182-11e6-918e-5ef3fc9ae867	9d0c9530-8c62-11e6-88c5-005056827e52	Čech: politický týdenník katolický	1914Q3	870	1363198
5c259210-2182-11e6-918e-5ef3fc9ae867	9d0c9530-8c62-11e6-88c5-005056827e52	Čech: politický týdenník katolický	1914Q4	936	1575255
5c259210-2182-11e6-918e-5ef3fc9ae867	eb247a40-39e1-11e6-a5c5-005056827e51	Čech: politický týdenník katolický	1875Q1	290	804147
5c259210-2182-11e6-918e-5ef3fc9ae867	eb247a40-39e1-11e6-a5c5-005056827e51	Čech: politický týdenník katolický	1875Q2	296	835026
5c259210-2182-11e6-918e-5ef3fc9ae867	eb247a40-39e1-11e6-a5c5-005056827e51	Čech: politický týdenník katolický	1875Q3	318	808570
5c259210-2182-11e6-918e-5ef3fc9ae867	eb247a40-39e1-11e6-a5c5-005056827e51	Čech: politický týdenník katolický	1875Q4	310	789048
5c259210-2182-11e6-918e-5ef3fc9ae867	41cdf590-5fcd-11e6-b155-001018b5eb5c	Čech: politický týdenník katolický	1890Q1	372	955201
5c259210-2182-11e6-918e-5ef3fc9ae867	41cdf590-5fcd-11e6-b155-001018b5eb5c	Čech: politický týdenník katolický	1890Q2	380	985427
5c259210-2182-11e6-918e-5ef3fc9ae867	41cdf590-5fcd-11e6-b155-001018b5eb5c	Čech: politický týdenník katolický	1890Q3	316	800273
5c259210-2182-11e6-918e-5ef3fc9ae867	41cdf590-5fcd-11e6-b155-001018b5eb5c	Čech: politický týdenník katolický	1890Q4	324	818211
5c259210-2182-11e6-918e-5ef3fc9ae867	5fc94200-734d-11e6-95d9-5ef3fc9ae867	Čech: politický týdenník katolický	1906Q1	698	1213780
5c259210-2182-11e6-918e-5ef3fc9ae867	5fc94200-734d-11e6-95d9-5ef3fc9ae867	Čech: politický týdenník katolický	1906Q2	670	1153061
5c259210-2182-11e6-918e-5ef3fc9ae867	5fc94200-734d-11e6-95d9-5ef3fc9ae867	Čech: politický týdenník katolický	1906Q3	704	1221164
5c259210-2182-11e6-918e-5ef3fc9ae867	5fc94200-734d-11e6-95d9-5ef3fc9ae867	Čech: politický týdenník katolický	1906Q4	720	1228135
5c259210-2182-11e6-918e-5ef3fc9ae867	4f888d20-4e53-11e6-beb0-001018b5eb5c	Čech: politický týdenník katolický	1887Q1	306	848894
5c259210-2182-11e6-918e-5ef3fc9ae867	4f888d20-4e53-11e6-beb0-001018b5eb5c	Čech: politický týdenník katolický	1887Q2	314	858246
5c259210-2182-11e6-918e-5ef3fc9ae867	4f888d20-4e53-11e6-beb0-001018b5eb5c	Čech: politický týdenník katolický	1887Q3	328	889357
5c259210-2182-11e6-918e-5ef3fc9ae867	4f888d20-4e53-11e6-beb0-001018b5eb5c	Čech: politický týdenník katolický	1887Q4	336	914711
5c259210-2182-11e6-918e-5ef3fc9ae867	e2d02b40-2727-11e6-a7c4-005056825209	Čech: politický týdenník katolický	1872Q1	300	661426
5c259210-2182-11e6-918e-5ef3fc9ae867	e2d02b40-2727-11e6-a7c4-005056825209	Čech: politický týdenník katolický	1872Q2	316	685761
5c259210-2182-11e6-918e-5ef3fc9ae867	e2d02b40-2727-11e6-a7c4-005056825209	Čech: politický týdenník katolický	1872Q3	316	707660
5c259210-2182-11e6-918e-5ef3fc9ae867	e2d02b40-2727-11e6-a7c4-005056825209	Čech: politický týdenník katolický	1872Q4	320	721143
5c259210-2182-11e6-918e-5ef3fc9ae867	8dcae8a0-28d1-11e6-a3d3-001018b5eb5c	Čech: politický týdenník katolický	1878Q1	300	771799
5c259210-2182-11e6-918e-5ef3fc9ae867	8dcae8a0-28d1-11e6-a3d3-001018b5eb5c	Čech: politický týdenník katolický	1878Q2	298	770879
5c259210-2182-11e6-918e-5ef3fc9ae867	8dcae8a0-28d1-11e6-a3d3-001018b5eb5c	Čech: politický týdenník katolický	1878Q3	304	777314
5c259210-2182-11e6-918e-5ef3fc9ae867	8dcae8a0-28d1-11e6-a3d3-001018b5eb5c	Čech: politický týdenník katolický	1878Q4	306	770864
5c259210-2182-11e6-918e-5ef3fc9ae867	a2469ef0-f672-11e5-ae80-001018b5eb5c	Čech: politický týdenník katolický	1912Q1	1118	1800611
5c259210-2182-11e6-918e-5ef3fc9ae867	98483990-6927-11e6-abea-5ef3fc9ae867	Čech: politický týdenník katolický	1891Q1	318	817083
5c259210-2182-11e6-918e-5ef3fc9ae867	98483990-6927-11e6-abea-5ef3fc9ae867	Čech: politický týdenník katolický	1891Q2	324	819219
5c259210-2182-11e6-918e-5ef3fc9ae867	98483990-6927-11e6-abea-5ef3fc9ae867	Čech: politický týdenník katolický	1891Q3	332	813288
5c259210-2182-11e6-918e-5ef3fc9ae867	98483990-6927-11e6-abea-5ef3fc9ae867	Čech: politický týdenník katolický	1891Q4	340	846939
5c259210-2182-11e6-918e-5ef3fc9ae867	59728f70-70f4-11e6-8db5-005056827e52	Čech: politický týdenník katolický	1893Q1	100	259351
5c259210-2182-11e6-918e-5ef3fc9ae867	59728f70-70f4-11e6-8db5-005056827e52	Čech: politický týdenník katolický	1893Q3	240	623842
5c259210-2182-11e6-918e-5ef3fc9ae867	59728f70-70f4-11e6-8db5-005056827e52	Čech: politický týdenník katolický	1893Q4	308	782341
5c259210-2182-11e6-918e-5ef3fc9ae867	59728f70-70f4-11e6-8db5-005056827e52	Čech: politický týdenník katolický	1898Q1	198	516089
5c259210-2182-11e6-918e-5ef3fc9ae867	59728f70-70f4-11e6-8db5-005056827e52	Čech: politický týdenník katolický	1898Q2	288	751937
5c259210-2182-11e6-918e-5ef3fc9ae867	59728f70-70f4-11e6-8db5-005056827e52	Čech: politický týdenník katolický	1898Q3	64	168589
5c259210-2182-11e6-918e-5ef3fc9ae867	2204dbf0-7005-11e6-95d9-5ef3fc9ae867	Čech: politický týdenník katolický	1892Q1	328	828374
5c259210-2182-11e6-918e-5ef3fc9ae867	2204dbf0-7005-11e6-95d9-5ef3fc9ae867	Čech: politický týdenník katolický	1892Q2	316	817710
5c259210-2182-11e6-918e-5ef3fc9ae867	2204dbf0-7005-11e6-95d9-5ef3fc9ae867	Čech: politický týdenník katolický	1892Q3	330	835646
5c259210-2182-11e6-918e-5ef3fc9ae867	2204dbf0-7005-11e6-95d9-5ef3fc9ae867	Čech: politický týdenník katolický	1892Q4	336	832597
5c259210-2182-11e6-918e-5ef3fc9ae867	5e2b4d20-2182-11e6-8803-005056827e51	Čech: politický týdenník katolický	1871Q1	140	220313
5c259210-2182-11e6-918e-5ef3fc9ae867	5e2b4d20-2182-11e6-8803-005056827e51	Čech: politický týdenník katolický	1871Q2	178	259430
5c259210-2182-11e6-918e-5ef3fc9ae867	5e2b4d20-2182-11e6-8803-005056827e51	Čech: politický týdenník katolický	1871Q3	158	376558
5c259210-2182-11e6-918e-5ef3fc9ae867	5e2b4d20-2182-11e6-8803-005056827e51	Čech: politický týdenník katolický	1871Q4	148	374032
5c259210-2182-11e6-918e-5ef3fc9ae867	ce0d9540-3937-11e6-a5c5-005056827e51	Čech: politický týdenník katolický	1881Q1	292	875749
5c259210-2182-11e6-918e-5ef3fc9ae867	ce0d9540-3937-11e6-a5c5-005056827e51	Čech: politický týdenník katolický	1881Q2	292	865214
5c259210-2182-11e6-918e-5ef3fc9ae867	ce0d9540-3937-11e6-a5c5-005056827e51	Čech: politický týdenník katolický	1881Q3	304	884693
5c259210-2182-11e6-918e-5ef3fc9ae867	ce0d9540-3937-11e6-a5c5-005056827e51	Čech: politický týdenník katolický	1881Q4	296	855265
5c259210-2182-11e6-918e-5ef3fc9ae867	ec4d3010-6394-11e6-95c7-005056825209	Čech: politický týdenník katolický	1889Q1	310	824015
5c259210-2182-11e6-918e-5ef3fc9ae867	ec4d3010-6394-11e6-95c7-005056825209	Čech: politický týdenník katolický	1889Q2	306	793158
5c259210-2182-11e6-918e-5ef3fc9ae867	ec4d3010-6394-11e6-95c7-005056825209	Čech: politický týdenník katolický	1889Q3	320	890253
5c259210-2182-11e6-918e-5ef3fc9ae867	ec4d3010-6394-11e6-95c7-005056825209	Čech: politický týdenník katolický	1889Q4	336	906756
5c259210-2182-11e6-918e-5ef3fc9ae867	81e32d30-6388-11e6-8336-005056827e52	Čech: politický týdenník katolický	1870Q1	112	185153
5c259210-2182-11e6-918e-5ef3fc9ae867	81e32d30-6388-11e6-8336-005056827e52	Čech: politický týdenník katolický	1870Q2	104	169080
5c259210-2182-11e6-918e-5ef3fc9ae867	81e32d30-6388-11e6-8336-005056827e52	Čech: politický týdenník katolický	1870Q3	104	171723
5c259210-2182-11e6-918e-5ef3fc9ae867	81e32d30-6388-11e6-8336-005056827e52	Čech: politický týdenník katolický	1870Q4	104	167528
5c259210-2182-11e6-918e-5ef3fc9ae867	d3db2450-6395-11e6-8e4e-005056827e51	Čech: politický týdenník katolický	1888Q1	326	865940
5c259210-2182-11e6-918e-5ef3fc9ae867	d3db2450-6395-11e6-8e4e-005056827e51	Čech: politický týdenník katolický	1888Q2	314	828692
5c259210-2182-11e6-918e-5ef3fc9ae867	d3db2450-6395-11e6-8e4e-005056827e51	Čech: politický týdenník katolický	1888Q3	312	851491
5c259210-2182-11e6-918e-5ef3fc9ae867	d3db2450-6395-11e6-8e4e-005056827e51	Čech: politický týdenník katolický	1888Q4	328	874626
5c259210-2182-11e6-918e-5ef3fc9ae867	4c2bada0-27df-11e6-ae84-005056827e51	Čech: politický týdenník katolický	1874Q1	294	834458
5c259210-2182-11e6-918e-5ef3fc9ae867	4c2bada0-27df-11e6-ae84-005056827e51	Čech: politický týdenník katolický	1874Q2	294	831829
5c259210-2182-11e6-918e-5ef3fc9ae867	4c2bada0-27df-11e6-ae84-005056827e51	Čech: politický týdenník katolický	1874Q3	306	886046
5c259210-2182-11e6-918e-5ef3fc9ae867	4c2bada0-27df-11e6-ae84-005056827e51	Čech: politický týdenník katolický	1874Q4	306	862622
5c259210-2182-11e6-918e-5ef3fc9ae867	8cf654c0-74e7-11e6-97fa-001018b5eb5c	Čech: politický týdenník katolický	1911Q1	744	1469198
5c259210-2182-11e6-918e-5ef3fc9ae867	8cf654c0-74e7-11e6-97fa-001018b5eb5c	Čech: politický týdenník katolický	1911Q2	750	1456001
5c259210-2182-11e6-918e-5ef3fc9ae867	8cf654c0-74e7-11e6-97fa-001018b5eb5c	Čech: politický týdenník katolický	1911Q3	762	1518097
5c259210-2182-11e6-918e-5ef3fc9ae867	8cf654c0-74e7-11e6-97fa-001018b5eb5c	Čech: politický týdenník katolický	1911Q4	764	1488414
5c259210-2182-11e6-918e-5ef3fc9ae867	72a60ec0-74ca-11e6-aa85-005056825209	Čech: politický týdenník katolický	1908Q1	788	1441737
5c259210-2182-11e6-918e-5ef3fc9ae867	72a60ec0-74ca-11e6-aa85-005056825209	Čech: politický týdenník katolický	1908Q2	768	1424577
5c259210-2182-11e6-918e-5ef3fc9ae867	72a60ec0-74ca-11e6-aa85-005056825209	Čech: politický týdenník katolický	1908Q3	788	1473189
5c259210-2182-11e6-918e-5ef3fc9ae867	72a60ec0-74ca-11e6-aa85-005056825209	Čech: politický týdenník katolický	1908Q4	804	1478844
5c259210-2182-11e6-918e-5ef3fc9ae867	b478eeb0-7c24-11e6-ad48-005056825209	Čech: politický týdenník katolický	1912Q2	1048	1655330
5c259210-2182-11e6-918e-5ef3fc9ae867	b478eeb0-7c24-11e6-ad48-005056825209	Čech: politický týdenník katolický	1912Q3	1030	1592448
5c259210-2182-11e6-918e-5ef3fc9ae867	b478eeb0-7c24-11e6-ad48-005056825209	Čech: politický týdenník katolický	1912Q4	1102	1616508
5c259210-2182-11e6-918e-5ef3fc9ae867	8832bde0-44f2-11e6-beb0-001018b5eb5c	Čech: politický týdenník katolický	1886Q1	348	947102
5c259210-2182-11e6-918e-5ef3fc9ae867	8832bde0-44f2-11e6-beb0-001018b5eb5c	Čech: politický týdenník katolický	1886Q2	336	923402
5c259210-2182-11e6-918e-5ef3fc9ae867	8832bde0-44f2-11e6-beb0-001018b5eb5c	Čech: politický týdenník katolický	1886Q3	342	941118
5c259210-2182-11e6-918e-5ef3fc9ae867	8832bde0-44f2-11e6-beb0-001018b5eb5c	Čech: politický týdenník katolický	1886Q4	320	876604
1585c940-8080-11ea-a276-5ef3fc9bb22f	3fbb0fd0-d1f5-11ed-af53-005056825209	České slovo: ústřední orgán České strany národně sociální	1913Q1	1452	2554391
1585c940-8080-11ea-a276-5ef3fc9bb22f	1b019660-afe2-11ea-9c77-5ef3fc9ae867	České slovo: ústřední orgán České strany národně sociální	1909Q1	776	1153550
1585c940-8080-11ea-a276-5ef3fc9bb22f	1b019660-afe2-11ea-9c77-5ef3fc9ae867	České slovo: ústřední orgán České strany národně sociální	1909Q2	826	1193758
1585c940-8080-11ea-a276-5ef3fc9bb22f	1b019660-afe2-11ea-9c77-5ef3fc9ae867	České slovo: ústřední orgán České strany národně sociální	1909Q3	792	1260526
1585c940-8080-11ea-a276-5ef3fc9bb22f	1b019660-afe2-11ea-9c77-5ef3fc9ae867	České slovo: ústřední orgán České strany národně sociální	1909Q4	880	1311538
1585c940-8080-11ea-a276-5ef3fc9bb22f	83159680-cb25-11ea-b03f-5ef3fc9bb22f	České slovo: ústřední orgán České strany národně sociální	1910Q1	790	1235516
1585c940-8080-11ea-a276-5ef3fc9bb22f	83159680-cb25-11ea-b03f-5ef3fc9bb22f	České slovo: ústřední orgán České strany národně sociální	1910Q2	778	1212630
1585c940-8080-11ea-a276-5ef3fc9bb22f	83159680-cb25-11ea-b03f-5ef3fc9bb22f	České slovo: ústřední orgán České strany národně sociální	1910Q3	784	1263619
1585c940-8080-11ea-a276-5ef3fc9bb22f	83159680-cb25-11ea-b03f-5ef3fc9bb22f	České slovo: ústřední orgán České strany národně sociální	1910Q4	872	1303848
1585c940-8080-11ea-a276-5ef3fc9bb22f	b38a4450-aedd-11ea-9b5d-005056825209	České slovo: ústřední orgán České strany národně sociální	1908Q1	734	1187886
1585c940-8080-11ea-a276-5ef3fc9bb22f	b38a4450-aedd-11ea-9b5d-005056825209	České slovo: ústřední orgán České strany národně sociální	1908Q2	714	1099050
1585c940-8080-11ea-a276-5ef3fc9bb22f	b38a4450-aedd-11ea-9b5d-005056825209	České slovo: ústřední orgán České strany národně sociální	1908Q4	788	1155870
1585c940-8080-11ea-a276-5ef3fc9bb22f	4b0f2c20-f73e-11ea-ae96-5ef3fc9ae867	České slovo: ústřední orgán České strany národně sociální	1911Q1	806	26560
1585c940-8080-11ea-a276-5ef3fc9bb22f	4b0f2c20-f73e-11ea-ae96-5ef3fc9ae867	České slovo: ústřední orgán České strany národně sociální	1911Q2	1060	1829778
1585c940-8080-11ea-a276-5ef3fc9bb22f	4b0f2c20-f73e-11ea-ae96-5ef3fc9ae867	České slovo: ústřední orgán České strany národně sociální	1911Q3	1146	1892696
1585c940-8080-11ea-a276-5ef3fc9bb22f	1c8ccc20-8080-11ea-9b74-005056827e52	České slovo: ústřední orgán České strany národně sociální	1907Q1	254	426511
1585c940-8080-11ea-a276-5ef3fc9bb22f	1c8ccc20-8080-11ea-9b74-005056827e52	České slovo: ústřední orgán České strany národně sociální	1907Q2	708	1194176
1585c940-8080-11ea-a276-5ef3fc9bb22f	1c8ccc20-8080-11ea-9b74-005056827e52	České slovo: ústřední orgán České strany národně sociální	1907Q3	716	1182652
1585c940-8080-11ea-a276-5ef3fc9bb22f	1c8ccc20-8080-11ea-9b74-005056827e52	České slovo: ústřední orgán České strany národně sociální	1907Q4	730	1136678
